-- MySQL dump 10.13  Distrib 8.0.23, for Win64 (x86_64)
--
-- Host: localhost    Database: vk_new
-- ------------------------------------------------------
-- Server version	8.0.23

/*!40101 SET @OLD_CHARACTER_SET_CLIENT=@@CHARACTER_SET_CLIENT */;
/*!40101 SET @OLD_CHARACTER_SET_RESULTS=@@CHARACTER_SET_RESULTS */;
/*!40101 SET @OLD_COLLATION_CONNECTION=@@COLLATION_CONNECTION */;
/*!50503 SET NAMES utf8 */;
/*!40103 SET @OLD_TIME_ZONE=@@TIME_ZONE */;
/*!40103 SET TIME_ZONE='+00:00' */;
/*!40014 SET @OLD_UNIQUE_CHECKS=@@UNIQUE_CHECKS, UNIQUE_CHECKS=0 */;
/*!40014 SET @OLD_FOREIGN_KEY_CHECKS=@@FOREIGN_KEY_CHECKS, FOREIGN_KEY_CHECKS=0 */;
/*!40101 SET @OLD_SQL_MODE=@@SQL_MODE, SQL_MODE='NO_AUTO_VALUE_ON_ZERO' */;
/*!40111 SET @OLD_SQL_NOTES=@@SQL_NOTES, SQL_NOTES=0 */;

--
-- Table structure for table `communities`
--

DROP TABLE IF EXISTS `communities`;
/*!40101 SET @saved_cs_client     = @@character_set_client */;
/*!50503 SET character_set_client = utf8mb4 */;
CREATE TABLE `communities` (
  `id` int unsigned NOT NULL AUTO_INCREMENT COMMENT 'Идентификатор сроки',
  `name` varchar(150) NOT NULL COMMENT 'Название группы',
  `created_at` datetime DEFAULT CURRENT_TIMESTAMP COMMENT 'Время создания строки',
  `updated_at` datetime DEFAULT CURRENT_TIMESTAMP ON UPDATE CURRENT_TIMESTAMP COMMENT 'Время обновления строки',
  `media_id` int unsigned DEFAULT NULL,
  PRIMARY KEY (`id`),
  UNIQUE KEY `name` (`name`),
  KEY `fk_community_media_id` (`media_id`),
  CONSTRAINT `fk_community_media_id` FOREIGN KEY (`media_id`) REFERENCES `media` (`id`)
) ENGINE=InnoDB AUTO_INCREMENT=21 DEFAULT CHARSET=utf8mb4 COLLATE=utf8mb4_0900_ai_ci COMMENT='Группы';
/*!40101 SET character_set_client = @saved_cs_client */;

--
-- Dumping data for table `communities`
--

LOCK TABLES `communities` WRITE;
/*!40000 ALTER TABLE `communities` DISABLE KEYS */;
INSERT INTO `communities` VALUES (1,'est','1993-10-17 19:07:28','2018-10-20 15:38:37',1),(2,'itaque','2006-06-07 20:50:01','2014-07-05 08:09:34',2),(3,'sed','1988-03-19 00:40:21','2007-03-18 12:58:47',3),(4,'rerum','1989-11-10 12:30:58','2009-09-25 13:30:47',4),(5,'aspernatur','2007-11-08 06:59:49','1997-08-23 13:46:34',5),(6,'beatae','1985-12-18 15:15:53','1970-01-02 18:31:12',6),(7,'omnis','1982-02-21 09:44:50','1994-01-16 04:56:08',7),(8,'consectetur','1994-03-21 12:05:30','1991-10-15 20:45:25',8),(9,'dolor','1982-09-20 04:26:02','1977-05-11 18:44:29',9),(10,'fugit','2014-06-21 20:12:17','2002-12-30 16:06:56',10),(11,'ipsum','1982-09-15 03:59:22','2011-03-09 03:11:37',11),(12,'enim','1978-11-29 04:37:19','2006-12-16 00:28:30',12),(13,'voluptas','1979-08-12 21:44:46','2004-11-20 14:49:53',13),(14,'non','2003-11-06 10:56:47','1983-06-22 05:44:51',14),(15,'quas','1982-11-14 01:07:54','2000-12-01 00:44:09',15),(16,'in','1991-05-18 15:45:01','1997-01-27 09:35:41',16),(17,'et','1985-09-24 22:23:45','1972-03-30 01:56:39',17),(18,'aut','2006-10-23 13:37:51','2016-06-07 07:32:54',18),(19,'nesciunt','1985-12-24 09:58:40','1981-07-04 11:40:08',19),(20,'ipsam','2000-05-14 03:10:04','1984-03-01 20:50:07',20);
/*!40000 ALTER TABLE `communities` ENABLE KEYS */;
UNLOCK TABLES;

--
-- Table structure for table `communities_users`
--

DROP TABLE IF EXISTS `communities_users`;
/*!40101 SET @saved_cs_client     = @@character_set_client */;
/*!50503 SET character_set_client = utf8mb4 */;
CREATE TABLE `communities_users` (
  `community_id` int unsigned NOT NULL COMMENT 'Ссылка на группу',
  `user_id` int unsigned NOT NULL COMMENT 'Ссылка на пользователя',
  `created_at` datetime DEFAULT CURRENT_TIMESTAMP COMMENT 'Время создания строки',
  PRIMARY KEY (`community_id`,`user_id`) COMMENT 'Составной первичный ключ',
  KEY `fk_communities_user` (`user_id`),
  CONSTRAINT `fk_communities_user` FOREIGN KEY (`user_id`) REFERENCES `users` (`id`),
  CONSTRAINT `fk_community_id` FOREIGN KEY (`community_id`) REFERENCES `communities` (`id`)
) ENGINE=InnoDB DEFAULT CHARSET=utf8mb4 COLLATE=utf8mb4_0900_ai_ci COMMENT='Участники групп, связь между пользователями и группами';
/*!40101 SET character_set_client = @saved_cs_client */;

--
-- Dumping data for table `communities_users`
--

LOCK TABLES `communities_users` WRITE;
/*!40000 ALTER TABLE `communities_users` DISABLE KEYS */;
INSERT INTO `communities_users` VALUES (1,1,'1995-01-31 11:51:05'),(1,21,'1983-04-29 00:07:19'),(1,41,'2019-02-27 06:51:48'),(1,61,'1996-01-02 12:20:09'),(1,81,'2010-12-19 05:42:01'),(2,2,'2000-10-02 18:44:33'),(2,22,'1986-07-07 22:07:58'),(2,42,'2003-05-11 15:24:28'),(2,62,'1985-07-03 02:26:16'),(2,82,'1972-05-16 08:59:05'),(3,3,'2020-11-08 17:36:38'),(3,23,'2003-05-04 13:05:30'),(3,43,'2017-05-07 09:37:42'),(3,63,'2007-04-15 00:34:01'),(3,83,'2002-08-22 02:16:03'),(4,4,'2014-12-04 16:21:08'),(4,24,'1985-04-22 10:55:12'),(4,44,'1978-04-24 07:55:00'),(4,64,'1995-12-25 20:38:53'),(4,84,'2009-10-12 23:36:07'),(5,5,'2002-06-19 16:05:30'),(5,25,'1980-10-17 05:44:25'),(5,45,'1983-12-27 02:50:31'),(5,65,'1976-08-17 01:40:01'),(5,85,'1992-08-12 02:19:19'),(6,6,'2009-06-01 14:05:37'),(6,26,'2006-03-14 08:17:11'),(6,46,'2018-12-06 00:54:40'),(6,66,'1978-11-15 06:23:53'),(6,86,'2020-12-16 07:55:30'),(7,7,'1988-12-16 04:59:29'),(7,27,'1996-11-07 22:01:06'),(7,47,'1984-02-10 21:23:33'),(7,67,'1989-07-25 02:13:23'),(7,87,'1984-12-04 08:09:28'),(8,8,'1973-10-21 12:49:05'),(8,28,'1982-02-22 12:23:42'),(8,48,'1982-05-06 10:16:24'),(8,68,'1988-03-24 17:51:21'),(8,88,'1984-06-24 00:40:55'),(9,9,'1988-08-23 12:16:21'),(9,29,'2004-11-25 20:45:32'),(9,49,'2004-10-02 12:19:05'),(9,69,'1992-11-22 15:46:11'),(9,89,'1972-03-13 22:19:35'),(10,10,'1990-08-10 22:16:15'),(10,30,'2018-05-28 13:51:29'),(10,50,'1996-05-22 00:56:12'),(10,70,'1995-10-12 03:43:42'),(10,90,'1993-06-02 05:29:34'),(11,11,'1993-08-16 22:27:06'),(11,31,'2004-11-12 01:07:28'),(11,51,'1990-07-02 19:02:59'),(11,71,'1970-03-24 15:30:14'),(11,91,'2001-05-04 16:06:42'),(12,12,'2019-02-09 08:55:52'),(12,32,'1996-08-28 06:44:41'),(12,52,'1979-10-21 01:57:22'),(12,72,'2017-09-15 18:38:11'),(12,92,'1989-01-18 14:13:44'),(13,13,'2005-11-17 17:58:25'),(13,33,'1992-09-23 05:47:16'),(13,53,'1993-10-26 02:13:40'),(13,73,'1977-12-02 03:48:23'),(13,93,'1981-10-20 20:38:00'),(14,14,'2002-12-19 02:48:50'),(14,34,'1983-09-04 18:06:47'),(14,54,'2011-06-13 11:48:56'),(14,74,'2002-12-15 13:02:27'),(14,94,'1984-03-29 01:33:29'),(15,15,'1979-10-29 18:30:04'),(15,35,'1978-05-25 09:30:12'),(15,55,'2004-06-11 19:11:46'),(15,75,'1996-01-07 07:18:03'),(15,95,'1994-04-25 14:26:47'),(16,16,'2013-08-23 05:30:38'),(16,36,'1973-08-04 03:25:12'),(16,56,'2000-04-08 23:18:11'),(16,76,'2018-05-15 19:29:27'),(16,96,'1983-03-21 10:49:25'),(17,17,'2008-06-24 22:45:35'),(17,37,'1999-11-12 15:48:46'),(17,57,'2020-05-06 22:25:12'),(17,77,'1988-10-25 14:42:16'),(17,97,'1971-10-16 11:09:22'),(18,18,'1990-03-18 17:39:58'),(18,38,'1970-05-23 04:32:19'),(18,58,'1994-01-05 20:58:57'),(18,78,'2009-12-17 05:31:52'),(18,98,'2017-11-30 18:31:41'),(19,19,'1985-03-07 06:27:29'),(19,39,'1974-03-28 06:37:51'),(19,59,'1977-12-19 14:42:31'),(19,79,'2020-04-29 17:25:10'),(19,99,'2012-10-09 22:29:46'),(20,20,'1972-08-26 23:31:35'),(20,40,'1987-01-16 17:17:09'),(20,60,'2001-03-13 08:23:26'),(20,80,'2007-04-18 21:21:38'),(20,100,'1974-07-26 03:40:09');
/*!40000 ALTER TABLE `communities_users` ENABLE KEYS */;
UNLOCK TABLES;

--
-- Table structure for table `friendship`
--

DROP TABLE IF EXISTS `friendship`;
/*!40101 SET @saved_cs_client     = @@character_set_client */;
/*!50503 SET character_set_client = utf8mb4 */;
CREATE TABLE `friendship` (
  `user_id` int unsigned NOT NULL COMMENT 'Ссылка на инициатора дружеских отношений',
  `friend_id` int unsigned NOT NULL COMMENT 'Ссылка на получателя приглашения дружить',
  `friendship_status_id` int unsigned NOT NULL COMMENT 'Ссылка на статус (текущее состояние) отношений',
  `requested_at` datetime DEFAULT CURRENT_TIMESTAMP COMMENT 'Время отправления приглашения дружить',
  `confirmed_at` datetime DEFAULT NULL COMMENT 'Время подтверждения приглашения',
  `created_at` datetime DEFAULT CURRENT_TIMESTAMP COMMENT 'Время создания строки',
  `updated_at` datetime DEFAULT CURRENT_TIMESTAMP ON UPDATE CURRENT_TIMESTAMP COMMENT 'Время обновления строки',
  PRIMARY KEY (`user_id`,`friend_id`) COMMENT 'Составной первичный ключ',
  KEY `fk_friendship_users_2` (`friend_id`),
  KEY `fk_friendship_status` (`friendship_status_id`),
  CONSTRAINT `fk_friendship_status` FOREIGN KEY (`friendship_status_id`) REFERENCES `friendship_statuses` (`id`),
  CONSTRAINT `fk_friendship_users_1` FOREIGN KEY (`user_id`) REFERENCES `users` (`id`),
  CONSTRAINT `fk_friendship_users_2` FOREIGN KEY (`friend_id`) REFERENCES `users` (`id`)
) ENGINE=InnoDB DEFAULT CHARSET=utf8mb4 COLLATE=utf8mb4_0900_ai_ci COMMENT='Таблица дружбы';
/*!40101 SET character_set_client = @saved_cs_client */;

--
-- Dumping data for table `friendship`
--

LOCK TABLES `friendship` WRITE;
/*!40000 ALTER TABLE `friendship` DISABLE KEYS */;
INSERT INTO `friendship` VALUES (1,1,1,'1971-08-09 11:21:48','2000-07-22 20:40:48','2008-01-12 17:35:33','2002-01-09 10:11:08'),(2,2,2,'1994-09-17 11:45:24','2015-07-06 21:39:14','1996-08-25 03:59:29','1987-02-09 08:47:43'),(3,3,3,'1994-12-06 01:40:43','2012-04-25 19:11:21','2016-10-07 06:36:22','1975-10-16 20:44:36'),(4,4,4,'1974-12-20 04:49:50','1993-06-06 18:52:35','1979-02-17 06:21:34','1977-09-13 02:48:48'),(5,5,5,'2019-06-01 08:15:26','2013-07-05 06:17:07','2020-10-30 09:45:38','2021-04-06 21:00:04'),(6,6,1,'2009-04-10 15:47:59','1992-12-13 18:42:04','1976-01-04 21:58:35','1978-04-28 14:53:58'),(7,7,2,'1993-08-25 03:14:07','1977-11-24 15:39:34','1997-07-20 07:05:11','1994-01-30 02:10:04'),(8,8,3,'1985-03-01 18:56:07','2013-02-26 22:32:12','1971-01-30 13:00:59','1979-04-07 13:24:46'),(9,9,4,'2000-05-14 13:24:05','1991-04-30 09:58:00','1997-02-14 03:55:32','2008-05-15 20:17:05'),(10,10,5,'1971-06-14 04:12:39','1987-02-20 16:50:46','2010-07-20 07:41:57','2008-06-19 05:08:34'),(11,11,1,'1980-04-20 21:31:40','2000-07-26 20:12:33','2006-04-30 00:44:52','2019-02-09 12:29:49'),(12,12,2,'2018-06-10 09:50:54','1971-04-13 15:06:54','1988-05-20 13:08:42','1983-12-13 03:55:24'),(13,13,3,'2000-06-26 05:21:51','2003-08-09 20:44:52','2014-12-08 13:02:35','2018-11-26 21:48:14'),(14,14,4,'1982-06-05 19:56:23','2000-09-07 22:01:55','1972-01-31 13:54:42','2005-02-06 08:00:34'),(15,15,5,'2001-04-09 15:45:02','2005-10-17 05:24:42','2005-05-15 17:06:05','1977-07-07 05:36:09'),(16,16,1,'1995-03-14 19:15:21','2012-07-31 16:09:04','1988-01-31 20:05:42','2000-07-11 14:23:15'),(17,17,2,'1999-01-02 00:07:47','1999-03-03 12:09:49','2001-05-20 16:52:05','2016-09-15 15:44:19'),(18,18,3,'2009-09-25 10:14:52','2006-09-09 18:49:22','1973-07-05 13:40:05','1985-10-30 13:37:34'),(19,19,4,'1986-06-09 19:18:45','1981-11-01 07:11:06','1973-12-06 21:58:26','2002-06-26 18:13:43'),(20,20,5,'2014-05-16 04:02:22','1989-06-22 19:21:58','2015-03-15 13:12:52','1997-04-10 02:09:42'),(21,21,1,'2016-08-22 06:20:03','1986-01-24 23:10:16','2008-06-20 03:46:42','1982-03-01 21:44:16'),(22,22,2,'2017-11-19 11:08:52','1988-11-02 04:29:46','1977-11-29 07:39:25','1995-03-23 05:39:30'),(23,23,3,'2006-10-02 21:02:07','1996-11-22 17:42:41','1977-12-24 13:45:54','2000-01-13 18:04:54'),(24,24,4,'1975-01-17 14:55:15','1987-07-27 21:52:45','2015-03-19 08:12:57','2015-02-11 09:34:16'),(25,25,5,'2003-08-16 22:23:54','2008-10-16 22:09:20','1974-03-23 00:13:41','1970-05-24 14:03:37'),(26,26,1,'2016-05-03 09:48:49','1993-02-26 12:21:28','2021-01-16 13:49:39','1976-06-18 12:48:26'),(27,27,2,'1989-04-19 12:51:17','2003-01-14 19:54:16','2005-08-03 19:59:19','1980-02-26 01:41:00'),(28,28,3,'2006-12-19 00:10:23','1973-11-30 21:04:32','1986-07-21 13:09:24','2004-12-28 01:20:55'),(29,29,4,'1992-07-19 00:25:38','2016-11-30 01:53:41','1978-09-10 05:20:13','1976-05-28 01:25:21'),(30,30,5,'1987-02-08 03:33:30','1981-06-30 09:58:24','2013-09-13 20:45:12','2011-08-23 23:28:03'),(31,31,1,'1970-07-21 06:19:01','1985-09-12 18:17:30','1984-09-08 00:00:08','2003-09-30 06:39:07'),(32,32,2,'1990-03-09 10:30:40','1972-12-21 14:51:48','2005-07-19 08:56:10','1981-09-26 06:52:03'),(33,33,3,'2000-01-11 02:29:11','1982-09-19 00:48:00','1990-01-03 22:52:06','2002-06-09 13:20:06'),(34,34,4,'2001-10-02 04:24:54','1997-05-15 06:10:11','1994-08-21 04:12:16','1982-04-08 01:09:16'),(35,35,5,'2008-06-12 12:29:56','1995-08-21 07:47:26','1970-09-30 13:10:04','1975-12-23 17:34:46'),(36,36,1,'1993-08-11 23:32:19','1976-05-20 16:43:08','1982-07-10 19:29:23','1986-07-29 14:04:31'),(37,37,2,'2015-10-27 01:07:39','1984-04-06 06:51:33','1997-12-29 01:51:11','1971-01-25 04:08:42'),(38,38,3,'2015-03-28 09:20:36','2012-12-03 20:51:02','1978-06-04 22:11:31','2002-08-18 09:15:23'),(39,39,4,'1979-11-28 15:43:15','1989-05-16 08:57:16','1998-03-01 13:58:03','1976-06-10 06:57:15'),(40,40,5,'2000-08-15 17:50:23','1973-11-09 21:48:14','1985-12-01 05:05:26','1994-11-23 03:58:41'),(41,41,1,'2001-05-01 05:27:48','2010-10-13 09:01:33','1987-01-16 06:38:01','1999-03-12 16:03:49'),(42,42,2,'1971-05-01 14:01:48','1994-06-04 23:54:47','1987-06-03 13:12:07','1995-10-13 21:33:34'),(43,43,3,'2001-05-23 17:18:30','2005-06-17 22:34:34','1991-02-27 19:02:00','1975-01-04 03:17:42'),(44,44,4,'2020-04-11 09:50:07','2019-03-09 19:40:16','1970-03-25 14:34:03','2008-04-11 07:35:00'),(45,45,5,'1970-01-19 11:51:32','1986-12-04 02:36:16','1987-08-11 11:46:10','2007-12-30 16:10:40'),(46,46,1,'1984-08-14 15:56:26','1999-03-17 03:40:39','1990-05-11 10:26:16','2020-12-15 10:00:32'),(47,47,2,'1973-01-29 17:40:53','1984-01-03 20:54:57','2011-09-08 18:29:28','1986-09-08 05:09:45'),(48,48,3,'1970-01-26 19:11:55','1990-03-13 08:45:51','1998-10-19 06:08:29','2002-05-24 03:03:06'),(49,49,4,'1986-08-12 17:44:10','2016-11-30 05:44:43','1995-05-23 17:18:21','1979-03-28 19:06:43'),(50,50,5,'1981-04-06 00:59:01','2020-07-22 08:42:41','2018-01-01 08:10:31','2008-05-26 17:11:33'),(51,51,1,'2003-04-03 23:51:21','1982-02-12 23:26:56','1982-11-07 07:19:01','2005-12-13 07:24:19'),(52,52,2,'2001-03-24 12:23:08','2008-09-06 05:07:06','1971-12-17 08:20:08','1990-07-19 23:09:30'),(53,53,3,'2016-11-30 19:17:44','1977-04-23 02:26:09','1989-04-16 02:47:00','1998-09-27 09:56:33'),(54,54,4,'2018-06-21 01:32:33','1984-12-10 20:26:30','1974-01-19 06:00:35','1973-07-12 18:59:49'),(55,55,5,'2012-09-15 01:53:40','1999-11-11 01:28:47','1995-01-10 05:59:17','1978-11-05 05:37:21'),(56,56,1,'1993-07-23 14:13:24','1970-04-21 04:18:09','1981-03-22 22:00:53','1972-04-15 22:41:44'),(57,57,2,'1973-10-05 02:50:19','1971-05-02 20:56:33','2013-12-30 08:35:21','1990-07-23 20:56:43'),(58,58,3,'2011-07-16 02:06:59','2002-07-24 22:59:12','1982-12-30 15:11:13','2010-01-30 01:30:21'),(59,59,4,'1984-01-19 08:57:58','1977-08-23 00:57:07','2006-05-05 06:20:53','2003-06-09 20:15:05'),(60,60,5,'1994-06-15 00:03:09','1980-07-10 03:11:12','1978-05-24 23:19:58','2019-03-30 10:20:15'),(61,61,1,'2017-04-19 01:04:20','2017-10-06 04:17:35','1998-03-27 15:01:40','2004-11-30 12:02:31'),(62,62,2,'1998-02-11 04:59:04','1980-08-03 21:46:57','1993-07-14 05:03:29','1977-04-12 19:34:38'),(63,63,3,'1982-08-04 17:54:36','1992-04-03 03:16:08','2018-04-29 02:40:46','1993-06-21 01:51:45'),(64,64,4,'2017-05-01 19:01:36','2008-07-24 13:31:37','1992-04-24 06:00:07','1972-07-23 03:45:46'),(65,65,5,'1988-10-06 08:26:53','1979-05-24 07:18:35','2011-03-01 10:05:27','1995-12-17 01:10:10'),(66,66,1,'1973-05-11 15:04:39','1991-12-02 06:48:22','1972-10-01 18:34:02','2012-08-11 04:22:25'),(67,67,2,'1999-12-31 04:16:21','2014-07-13 10:19:57','1990-06-11 00:28:06','1970-02-17 09:30:32'),(68,68,3,'2010-08-19 07:35:04','1970-10-08 16:13:47','1988-12-27 08:50:18','1975-07-04 18:10:12'),(69,69,4,'2009-12-29 05:52:39','1993-09-03 05:18:14','2003-03-07 11:50:11','2008-05-06 15:12:59'),(70,70,5,'1978-09-07 02:13:48','1994-08-11 19:26:04','1988-01-21 09:58:46','2013-06-10 04:31:07'),(71,71,1,'1983-09-12 19:56:28','2009-08-13 02:55:34','2020-05-05 03:19:54','1981-09-15 12:53:04'),(72,72,2,'2021-03-24 03:15:12','1999-11-06 23:04:43','1983-08-21 11:49:32','2017-11-22 10:36:57'),(73,73,3,'2000-05-04 07:23:50','2011-05-15 15:24:31','1976-05-08 05:19:54','1972-11-25 20:01:57'),(74,74,4,'1985-09-19 00:10:08','2001-03-28 09:36:56','2010-08-25 11:18:05','2006-09-28 13:39:10'),(75,75,5,'1993-01-25 18:58:02','2012-11-22 08:54:01','2008-02-15 06:49:51','2010-01-04 23:02:36'),(76,76,1,'2010-01-06 16:50:35','1997-06-28 15:02:12','1970-10-17 03:35:27','1990-01-08 11:33:32'),(77,77,2,'2003-02-10 08:41:15','2018-11-17 05:42:17','2011-09-23 15:13:27','1988-10-20 07:50:35'),(78,78,3,'2000-01-24 09:12:47','2010-12-24 23:02:25','1974-05-30 12:59:48','2016-01-04 17:28:46'),(79,79,4,'2006-09-14 16:35:39','1974-09-21 20:00:42','2015-03-24 09:40:52','1991-09-08 15:54:30'),(80,80,5,'2000-03-27 15:23:22','1975-10-07 02:44:09','1987-07-01 01:32:07','1995-04-18 08:39:45'),(81,81,1,'2010-12-09 15:38:05','1984-04-14 21:37:23','1983-11-21 06:40:21','1994-09-11 13:33:10'),(82,82,2,'1985-04-16 11:16:15','2003-01-11 00:09:51','2016-09-23 06:31:22','2006-03-09 12:33:32'),(83,83,3,'1995-02-21 03:28:34','1995-12-17 02:48:23','1971-04-10 21:39:18','1979-09-21 03:27:53'),(84,84,4,'1995-01-05 05:28:22','1996-09-29 18:24:02','1995-06-11 11:34:07','1971-10-07 21:12:27'),(85,85,5,'2016-10-14 22:56:58','2017-10-16 21:06:07','2017-09-16 22:40:24','1981-03-23 20:01:55'),(86,86,1,'2016-05-16 18:40:22','2014-08-14 02:06:02','1986-02-18 16:37:09','1984-12-04 21:03:30'),(87,87,2,'1994-02-10 14:56:16','1976-12-12 22:37:59','1989-02-28 02:44:24','1997-06-09 11:09:28'),(88,88,3,'1980-07-19 07:37:32','2009-03-08 15:39:01','1977-08-01 04:08:28','1995-06-25 05:15:21'),(89,89,4,'1991-05-24 13:35:53','2012-04-15 15:43:13','2014-02-13 19:27:09','2006-12-03 21:52:25'),(90,90,5,'1990-09-02 08:40:55','2006-11-01 03:01:03','2011-01-24 20:52:50','2020-02-07 01:01:29'),(91,91,1,'1997-10-29 23:42:51','2016-09-01 02:09:02','2015-01-09 11:39:40','1985-07-15 20:47:47'),(92,92,2,'2006-12-05 17:56:39','2017-06-05 13:38:01','2013-03-09 17:40:40','1993-05-05 09:17:01'),(93,93,3,'1996-04-14 07:40:25','1974-08-14 03:18:11','1984-04-25 09:51:04','2011-02-10 06:09:33'),(94,94,4,'2017-06-24 10:07:16','2005-06-08 10:06:39','2015-04-08 05:23:06','1972-12-07 01:29:13'),(95,95,5,'1991-12-23 07:39:12','1996-04-16 15:29:12','1985-04-07 21:53:13','1992-01-18 17:18:45'),(96,96,1,'2015-11-14 15:23:17','1977-01-10 03:04:26','1991-09-29 22:17:47','2006-05-10 09:59:44'),(97,97,2,'1998-11-24 14:38:11','2012-03-10 03:24:27','1991-04-06 00:39:12','1996-03-18 07:01:44'),(98,98,3,'1995-10-18 14:39:08','1977-06-04 06:12:13','2003-06-24 01:12:52','1971-10-17 04:20:56'),(99,99,4,'1973-03-19 05:07:47','1988-03-03 09:02:15','2016-09-09 05:12:54','1994-06-21 10:44:09'),(100,100,5,'1986-05-22 22:16:51','1976-06-11 02:52:13','2020-05-19 23:34:26','1978-07-09 12:22:18');
/*!40000 ALTER TABLE `friendship` ENABLE KEYS */;
UNLOCK TABLES;

--
-- Table structure for table `friendship_statuses`
--

DROP TABLE IF EXISTS `friendship_statuses`;
/*!40101 SET @saved_cs_client     = @@character_set_client */;
/*!50503 SET character_set_client = utf8mb4 */;
CREATE TABLE `friendship_statuses` (
  `id` int unsigned NOT NULL AUTO_INCREMENT COMMENT 'Идентификатор строки',
  `name` varchar(150) NOT NULL COMMENT 'Название статуса',
  `created_at` datetime DEFAULT CURRENT_TIMESTAMP COMMENT 'Время создания строки',
  `updated_at` datetime DEFAULT CURRENT_TIMESTAMP ON UPDATE CURRENT_TIMESTAMP COMMENT 'Время обновления строки',
  PRIMARY KEY (`id`),
  UNIQUE KEY `name` (`name`)
) ENGINE=InnoDB AUTO_INCREMENT=6 DEFAULT CHARSET=utf8mb4 COLLATE=utf8mb4_0900_ai_ci COMMENT='Статусы дружбы';
/*!40101 SET character_set_client = @saved_cs_client */;

--
-- Dumping data for table `friendship_statuses`
--

LOCK TABLES `friendship_statuses` WRITE;
/*!40000 ALTER TABLE `friendship_statuses` DISABLE KEYS */;
INSERT INTO `friendship_statuses` VALUES (1,'Близкий друг','1979-03-20 09:50:40','1975-11-22 05:50:39'),(2,'Знакомый','2002-06-08 18:56:50','2009-08-02 04:12:00'),(3,'Член семьи','1992-02-17 06:12:22','1979-11-08 02:43:37'),(4,'Коллега','2008-03-28 23:27:12','2018-11-29 03:25:08'),(5,'Одноклассник','1983-12-17 08:48:11','2020-12-01 01:41:10');
/*!40000 ALTER TABLE `friendship_statuses` ENABLE KEYS */;
UNLOCK TABLES;

--
-- Table structure for table `media`
--

DROP TABLE IF EXISTS `media`;
/*!40101 SET @saved_cs_client     = @@character_set_client */;
/*!50503 SET character_set_client = utf8mb4 */;
CREATE TABLE `media` (
  `id` int unsigned NOT NULL AUTO_INCREMENT COMMENT 'Идентификатор строки',
  `filename` varchar(255) NOT NULL COMMENT 'Путь к файлу',
  `size` int NOT NULL COMMENT 'Размер файла',
  `media_type_id` int unsigned NOT NULL COMMENT 'Ссылка на тип контента',
  `created_at` datetime DEFAULT CURRENT_TIMESTAMP COMMENT 'Время создания строки',
  `updated_at` datetime DEFAULT CURRENT_TIMESTAMP ON UPDATE CURRENT_TIMESTAMP COMMENT 'Время обновления строки',
  `name` varchar(100) NOT NULL,
  PRIMARY KEY (`id`),
  UNIQUE KEY `name` (`name`),
  KEY `fk_media_type` (`media_type_id`),
  CONSTRAINT `fk_media_type` FOREIGN KEY (`media_type_id`) REFERENCES `media_types` (`id`)
) ENGINE=InnoDB AUTO_INCREMENT=151 DEFAULT CHARSET=utf8mb4 COLLATE=utf8mb4_0900_ai_ci COMMENT='Медиафайлы';
/*!40101 SET character_set_client = @saved_cs_client */;

--
-- Dumping data for table `media`
--

LOCK TABLES `media` WRITE;
/*!40000 ALTER TABLE `media` DISABLE KEYS */;
INSERT INTO `media` VALUES (1,'qui',109,1,'1990-08-03 20:03:05','1984-02-24 22:40:42','est'),(2,'nam',391,2,'2018-03-14 03:16:13','1982-03-31 02:26:59','aliquam'),(3,'aut',367,3,'1976-06-25 04:53:19','1997-04-18 19:56:31','repellendus'),(4,'aut',210,4,'1984-11-19 05:44:40','1992-05-28 19:23:58','et'),(5,'consequuntur',39,5,'1976-07-17 08:47:06','2008-12-17 07:01:39','aut'),(6,'commodi',4,1,'1990-06-25 12:56:24','2015-09-09 19:42:59','molestias'),(7,'dicta',181,2,'1998-11-20 15:43:06','1976-05-03 20:28:12','inventore'),(8,'repudiandae',6,3,'2005-06-04 21:43:15','2012-03-23 06:00:01','omnis'),(9,'harum',239,4,'2006-08-28 01:45:17','1985-05-14 13:12:01','commodi'),(10,'recusandae',407,5,'1971-03-12 15:37:12','1980-05-04 09:23:38','maxime'),(11,'expedita',380,1,'1977-04-22 04:02:57','2018-01-04 00:51:05','ratione'),(12,'voluptates',488,2,'2009-05-12 12:41:51','1976-02-20 07:16:54','nulla'),(13,'officiis',483,3,'1981-02-12 13:25:53','2006-11-15 01:52:18','corporis'),(14,'maxime',460,4,'1976-03-31 04:31:54','2005-11-27 11:32:01','quo'),(15,'voluptatum',110,5,'2015-01-21 16:09:48','1986-06-07 16:34:52','libero'),(16,'blanditiis',271,1,'2018-01-19 00:48:02','2013-03-06 07:38:25','optio'),(17,'aspernatur',241,2,'2001-12-27 07:34:05','2015-09-08 04:27:22','ad'),(18,'mollitia',103,3,'1995-04-16 01:55:05','2014-09-05 10:32:55','sapiente'),(19,'occaecati',228,4,'1987-08-11 18:16:23','1972-06-25 17:13:23','vel'),(20,'reprehenderit',156,5,'1972-01-20 04:32:33','1985-08-20 01:58:14','a'),(21,'minima',398,1,'1994-07-12 04:04:35','1987-11-20 18:51:49','fugiat'),(22,'est',158,2,'1975-01-21 14:30:08','1988-11-26 00:38:02','iste'),(23,'quos',290,3,'2019-06-24 14:39:29','1975-10-16 01:46:54','temporibus'),(24,'repellat',462,4,'1976-09-05 00:24:04','1981-06-15 08:39:57','similique'),(25,'magnam',62,5,'2007-02-24 22:09:35','1978-08-18 23:43:10','qui'),(26,'ea',209,1,'1992-11-26 10:07:47','1976-12-06 05:37:13','soluta'),(27,'exercitationem',37,2,'1995-10-14 21:11:38','2011-01-08 04:15:08','laborum'),(28,'magnam',375,3,'2018-09-09 03:29:34','1972-06-06 08:34:22','tempora'),(29,'incidunt',142,4,'1974-04-27 20:25:03','1999-12-01 06:05:56','tenetur'),(30,'aspernatur',88,5,'1986-09-12 18:41:54','1976-08-01 20:09:29','distinctio'),(31,'quisquam',407,1,'1971-08-06 04:16:47','1994-01-01 09:30:35','rerum'),(32,'aspernatur',105,2,'2002-10-17 04:42:19','2001-07-29 15:47:43','sed'),(33,'magnam',408,3,'1975-12-26 19:31:23','1994-08-25 03:39:42','ut'),(34,'culpa',198,4,'1986-02-07 10:17:15','1971-10-04 06:10:25','quibusdam'),(35,'minus',114,5,'1985-02-04 15:10:39','1980-08-10 05:01:43','error'),(36,'quisquam',350,1,'2006-01-17 22:22:14','1986-06-06 16:19:56','doloribus'),(37,'quam',96,2,'1974-07-22 09:54:43','1993-11-15 05:55:46','sunt'),(38,'aliquid',130,3,'1998-08-14 09:35:53','2001-03-28 17:02:08','harum'),(39,'quaerat',416,4,'1970-09-02 16:10:25','2010-07-19 00:34:43','rem'),(40,'dolores',260,5,'1979-02-10 09:14:11','1979-08-14 22:38:15','pariatur'),(41,'minus',73,1,'1994-05-13 17:40:34','1991-12-25 01:16:17','eligendi'),(42,'accusamus',397,2,'1977-04-14 09:29:45','2016-05-03 05:29:39','debitis'),(43,'aliquid',313,3,'2005-11-12 10:50:11','1972-09-16 15:35:37','aperiam'),(44,'necessitatibus',213,4,'1988-01-19 12:02:01','1988-08-19 13:54:45','nihil'),(45,'fugiat',162,5,'1983-10-10 23:50:15','1978-08-15 22:18:03','quasi'),(46,'consectetur',268,1,'1982-08-12 15:09:00','2010-02-12 13:57:26','enim'),(47,'modi',377,2,'1977-10-11 06:06:22','1979-07-07 04:57:53','excepturi'),(48,'optio',31,3,'2016-09-20 10:21:16','2005-05-12 12:00:23','amet'),(49,'sint',467,4,'1975-02-26 11:42:22','1994-01-10 11:27:28','dignissimos'),(50,'tempora',23,5,'1971-06-30 05:24:57','2000-11-08 17:30:15','dolor'),(51,'nam',177,1,'1978-06-04 08:13:25','2004-12-31 22:31:33','consequuntur'),(52,'esse',99,2,'1973-11-09 20:50:46','2010-06-12 02:14:31','quam'),(53,'exercitationem',244,3,'1979-12-24 14:43:28','2012-08-12 14:16:11','assumenda'),(54,'consequatur',267,4,'2019-08-29 13:14:12','2017-10-04 04:09:25','ex'),(55,'excepturi',349,5,'2017-08-10 00:56:41','1979-11-02 05:02:22','consequatur'),(56,'deleniti',409,1,'1993-09-18 18:09:31','1980-12-18 09:58:01','ab'),(57,'minima',344,2,'1977-02-08 15:30:55','1989-04-24 15:34:01','deserunt'),(58,'dolorem',248,3,'2017-07-27 05:55:52','1999-12-30 05:45:22','explicabo'),(59,'ut',316,4,'2010-12-21 11:01:05','1996-01-08 12:32:04','voluptate'),(60,'libero',308,5,'1976-11-11 00:53:22','1993-08-27 23:33:56','quae'),(61,'aut',496,1,'2008-08-04 13:20:24','1977-05-10 07:22:28','vitae'),(62,'qui',428,2,'1997-03-05 01:25:59','2011-12-27 02:03:42','esse'),(63,'rerum',484,3,'1993-11-22 03:48:36','1997-12-28 23:58:52','adipisci'),(64,'aut',84,4,'1985-08-30 13:55:16','1973-06-15 19:05:42','exercitationem'),(65,'quia',368,5,'2003-11-22 05:53:04','1993-04-22 12:48:22','impedit'),(66,'laudantium',295,1,'1976-01-07 01:03:50','2016-11-02 00:25:51','dolores'),(67,'iure',485,2,'1982-08-24 10:41:16','1972-03-24 00:18:01','quos'),(68,'eveniet',102,3,'1991-11-06 18:09:55','2013-05-27 03:49:28','id'),(69,'facere',205,4,'1984-03-01 09:18:39','2016-05-30 01:22:38','autem'),(70,'omnis',149,5,'1982-09-19 16:11:06','1987-08-08 15:37:34','minima'),(71,'ut',38,1,'2002-10-31 04:06:15','1994-11-25 20:36:11','deleniti'),(72,'voluptatem',212,2,'2007-11-24 18:06:44','1993-02-19 16:31:03','molestiae'),(73,'sapiente',232,3,'2002-12-06 00:09:26','1991-11-10 19:06:09','aspernatur'),(74,'error',392,4,'1979-12-08 00:05:14','2019-06-07 06:27:31','sint'),(75,'incidunt',168,5,'1980-09-04 18:57:51','1999-07-16 13:09:02','cum'),(76,'tempore',493,1,'1993-05-05 19:36:44','1997-07-02 09:09:04','non'),(77,'voluptatem',477,2,'2000-09-23 12:12:55','1974-07-29 12:31:00','saepe'),(78,'voluptatem',389,3,'2006-09-13 02:41:55','1971-03-08 16:02:41','sequi'),(79,'sequi',60,4,'2004-05-10 18:57:24','2011-08-12 19:25:39','porro'),(80,'harum',340,5,'2018-05-13 00:41:31','1999-06-10 16:37:35','minus'),(81,'voluptatem',167,1,'1983-06-27 11:38:41','1988-06-11 06:00:12','ipsam'),(82,'vero',404,2,'1980-06-03 20:36:39','1975-03-19 01:20:03','placeat'),(83,'atque',402,3,'1991-11-07 04:34:27','1994-03-24 09:03:17','neque'),(84,'ut',207,4,'1992-02-26 00:25:02','1972-08-10 10:42:56','quis'),(85,'sapiente',444,5,'2003-10-14 05:02:06','2017-03-22 10:33:52','animi'),(86,'nulla',42,1,'1995-10-23 19:08:46','1991-06-05 18:32:06','quia'),(87,'vel',6,2,'1984-11-05 13:33:31','2008-06-11 22:45:16','nisi'),(88,'veniam',102,3,'2019-09-17 08:14:21','1992-11-26 14:37:17','illo'),(89,'dignissimos',271,4,'1990-12-11 01:05:02','2002-06-22 01:44:41','beatae'),(90,'consequatur',317,5,'1985-06-23 22:06:15','2018-03-01 08:15:25','laboriosam'),(91,'voluptate',427,1,'1993-12-13 15:56:01','1994-06-29 11:30:05','quidem'),(92,'ut',272,2,'1986-06-03 16:37:16','2017-06-29 09:03:14','atque'),(93,'id',192,3,'1970-10-06 20:06:26','2019-02-04 08:15:57','nobis'),(94,'sint',485,4,'1990-10-20 09:24:38','2002-05-03 08:42:23','eum'),(95,'et',381,5,'2001-12-19 21:34:19','1992-05-07 04:41:30','voluptates'),(96,'totam',425,1,'1970-04-01 19:19:46','1978-11-14 18:14:45','culpa'),(97,'accusamus',60,2,'2015-08-18 17:26:29','1976-02-16 14:10:04','possimus'),(98,'rerum',321,3,'2002-03-29 20:03:49','1986-01-27 09:38:44','blanditiis'),(99,'et',119,4,'1976-07-16 21:07:40','1984-03-29 06:15:25','eveniet'),(100,'voluptatem',237,5,'1994-08-15 14:22:46','1998-01-18 19:02:46','dicta'),(101,'eum',285,1,'1974-05-15 10:09:27','1980-11-24 20:45:56','iure'),(102,'magnam',221,2,'1975-09-14 04:48:14','2021-01-05 17:32:23','quod'),(103,'magnam',247,3,'2001-03-23 23:47:46','2007-08-18 21:13:19','nam'),(104,'et',173,4,'1992-01-13 17:40:22','2011-05-29 22:03:20','reprehenderit'),(105,'odit',376,5,'1973-12-14 08:50:37','2006-11-12 04:34:09','officia'),(106,'error',482,1,'2019-02-17 22:39:04','1984-10-14 17:17:37','ea'),(107,'et',176,2,'1979-08-16 19:20:31','1996-04-25 09:38:38','occaecati'),(108,'et',338,3,'1981-08-03 14:01:44','2020-07-29 18:12:20','eaque'),(109,'non',389,4,'1975-08-05 12:57:30','1999-10-29 12:06:24','perspiciatis'),(110,'aperiam',249,5,'1977-05-03 18:17:45','2007-01-25 06:55:53','doloremque'),(111,'et',82,1,'1974-12-31 05:48:39','1973-03-22 00:45:45','eos'),(112,'eum',34,2,'2013-10-17 07:41:11','1974-01-06 14:32:23','sit'),(113,'expedita',7,3,'2013-04-06 09:44:52','2012-02-18 06:38:41','alias'),(114,'delectus',135,4,'1981-12-20 01:39:48','2014-07-22 00:39:31','unde'),(115,'ipsam',334,5,'2002-12-14 08:00:37','1970-01-09 22:25:45','dolorum'),(116,'eum',161,1,'1997-03-09 03:47:16','1994-05-21 10:42:35','fuga'),(117,'veritatis',109,2,'2005-08-17 17:56:54','1980-10-31 13:36:09','modi'),(118,'ipsam',10,3,'2016-06-25 06:20:04','2017-08-17 01:42:06','architecto'),(119,'asperiores',351,4,'2009-03-04 01:39:12','2010-05-28 10:32:32','asperiores'),(120,'omnis',440,5,'2016-09-22 03:35:08','1988-03-05 09:18:54','veritatis'),(121,'numquam',173,1,'1972-11-30 14:06:56','1976-01-16 09:35:57','ullam'),(122,'explicabo',94,2,'1996-06-03 05:17:49','1997-07-21 16:11:36','dolorem'),(123,'porro',56,3,'1995-11-19 18:36:38','2019-10-26 21:40:15','nemo'),(124,'tempora',329,4,'2009-10-22 23:37:03','1977-01-27 18:38:06','ipsum'),(125,'omnis',393,5,'1975-11-21 10:23:47','1971-09-02 19:14:38','repellat'),(126,'eligendi',420,1,'1975-11-01 09:52:14','1970-09-12 19:22:22','velit'),(127,'omnis',368,2,'1998-07-18 22:46:55','1999-03-16 22:20:28','tempore'),(128,'optio',86,3,'2002-06-11 10:13:05','1983-04-19 16:39:37','reiciendis'),(129,'molestiae',438,4,'2020-04-27 07:30:19','1982-05-25 13:03:05','voluptas'),(130,'harum',240,5,'2020-05-27 05:40:52','1996-10-06 18:07:41','maiores'),(131,'eum',90,1,'1979-07-30 03:35:48','1994-03-23 11:27:32','veniam'),(132,'voluptatem',270,2,'1997-11-13 04:22:16','2019-01-15 19:12:07','iusto'),(133,'dolorem',6,3,'2020-11-18 13:18:31','1977-08-22 22:40:27','eius'),(134,'vel',198,4,'1979-11-16 16:51:46','2014-07-03 06:28:09','natus'),(135,'occaecati',124,5,'1981-10-21 01:44:45','1988-04-30 03:15:28','necessitatibus'),(136,'dignissimos',41,1,'1982-08-11 02:15:48','1994-06-09 03:26:47','ipsa'),(137,'vel',187,2,'1994-07-16 15:09:46','2011-04-14 18:45:34','nesciunt'),(138,'ullam',88,3,'2016-06-25 08:58:10','2001-05-19 08:24:10','mollitia'),(139,'nihil',426,4,'2017-05-29 22:43:02','1986-06-19 05:48:27','provident'),(140,'aliquid',469,5,'1985-12-30 16:15:07','1982-12-03 02:56:58','praesentium'),(141,'dignissimos',407,1,'2004-02-09 14:08:06','1984-03-14 09:24:10','consectetur'),(142,'voluptatum',332,2,'2007-05-11 19:54:25','1971-03-03 14:05:22','ducimus'),(143,'esse',199,3,'2011-04-15 06:48:08','1977-01-26 22:09:10','cupiditate'),(144,'sapiente',287,4,'2008-09-14 21:24:34','2016-08-27 15:20:18','earum'),(145,'voluptatibus',500,5,'2005-03-10 03:15:36','1996-02-08 14:09:39','voluptatem'),(146,'eligendi',26,1,'1994-09-12 04:08:47','1991-12-08 18:30:33','laudantium'),(147,'et',403,2,'1990-09-27 21:21:10','2006-11-22 16:14:46','in'),(148,'sapiente',484,3,'1984-05-30 18:13:58','1988-08-18 09:28:14','illum'),(149,'natus',500,4,'1975-09-11 18:00:04','1999-11-22 19:26:59','fugit'),(150,'rem',86,5,'1986-09-21 15:57:01','2018-10-19 06:31:27','odio');
/*!40000 ALTER TABLE `media` ENABLE KEYS */;
UNLOCK TABLES;

--
-- Table structure for table `media_reactions`
--

DROP TABLE IF EXISTS `media_reactions`;
/*!40101 SET @saved_cs_client     = @@character_set_client */;
/*!50503 SET character_set_client = utf8mb4 */;
CREATE TABLE `media_reactions` (
  `id` int unsigned NOT NULL AUTO_INCREMENT COMMENT 'Идентификатор строки',
  `media_id` int unsigned NOT NULL COMMENT 'Ссылка на медиа-файл',
  `reaction_type_id` int unsigned NOT NULL COMMENT 'Ссылка на тип реакции',
  `from_user_id` int unsigned NOT NULL COMMENT 'Ссылка на отправителя реакции',
  `created_at` datetime DEFAULT CURRENT_TIMESTAMP COMMENT 'Время создания строки',
  `updated_at` datetime DEFAULT CURRENT_TIMESTAMP ON UPDATE CURRENT_TIMESTAMP COMMENT 'Время обновления строки',
  PRIMARY KEY (`id`),
  KEY `fk_media_reaction_id` (`media_id`),
  KEY `fk_media_reaction_type_id` (`reaction_type_id`),
  KEY `fk_media_reaction_user` (`from_user_id`),
  CONSTRAINT `fk_media_reaction_id` FOREIGN KEY (`media_id`) REFERENCES `media` (`id`),
  CONSTRAINT `fk_media_reaction_type_id` FOREIGN KEY (`reaction_type_id`) REFERENCES `reaction_types` (`id`),
  CONSTRAINT `fk_media_reaction_user` FOREIGN KEY (`from_user_id`) REFERENCES `users` (`id`)
) ENGINE=InnoDB AUTO_INCREMENT=151 DEFAULT CHARSET=utf8mb4 COLLATE=utf8mb4_0900_ai_ci COMMENT='Таблица для хранения реакций на медиа-файлы';
/*!40101 SET character_set_client = @saved_cs_client */;

--
-- Dumping data for table `media_reactions`
--

LOCK TABLES `media_reactions` WRITE;
/*!40000 ALTER TABLE `media_reactions` DISABLE KEYS */;
INSERT INTO `media_reactions` VALUES (1,1,1,1,'2000-07-10 01:10:45','1997-07-28 21:31:41'),(2,2,2,2,'2000-08-02 10:34:31','1992-10-17 23:35:19'),(3,3,1,3,'1975-11-30 17:19:37','2007-02-15 10:49:37'),(4,4,2,4,'1987-01-05 10:52:15','1993-06-29 03:43:05'),(5,5,1,5,'1995-05-07 05:33:14','2020-12-28 10:00:10'),(6,6,2,6,'1986-02-25 19:21:00','1987-03-25 10:06:28'),(7,7,1,7,'2006-09-01 04:24:08','1987-01-31 23:42:15'),(8,8,2,8,'2010-05-08 10:59:34','2010-01-30 17:39:26'),(9,9,1,9,'2004-02-19 17:52:42','2016-01-22 05:29:31'),(10,10,2,10,'1988-11-28 06:13:19','1998-12-12 10:28:29'),(11,11,1,11,'1997-10-20 00:18:11','1989-03-08 15:55:30'),(12,12,2,12,'1989-02-24 05:00:31','1978-12-02 06:13:58'),(13,13,1,13,'1983-01-11 18:42:37','2012-09-24 18:47:01'),(14,14,2,14,'2001-08-22 16:15:35','2016-07-12 15:07:44'),(15,15,1,15,'2005-04-20 23:14:18','2001-08-31 02:51:35'),(16,16,2,16,'1983-12-24 21:21:30','1993-09-14 11:50:11'),(17,17,1,17,'1987-03-16 10:39:38','1992-06-05 12:01:33'),(18,18,2,18,'2020-12-12 18:25:42','1974-06-11 14:19:41'),(19,19,1,19,'1982-07-14 00:00:59','2013-12-16 18:09:29'),(20,20,2,20,'2000-03-07 18:35:20','1973-09-30 13:40:06'),(21,21,1,21,'1998-09-18 08:40:50','1986-12-15 20:36:50'),(22,22,2,22,'1970-03-12 16:52:40','1985-10-15 17:53:27'),(23,23,1,23,'1989-10-31 03:00:40','1983-12-25 14:25:09'),(24,24,2,24,'2015-02-27 18:42:56','1978-02-24 18:32:28'),(25,25,1,25,'1991-09-04 15:04:40','2015-11-23 09:42:14'),(26,26,2,26,'2003-09-08 13:47:18','1995-07-30 14:24:26'),(27,27,1,27,'1979-06-10 22:19:35','2015-11-16 00:54:54'),(28,28,2,28,'2007-01-19 03:41:50','2012-07-25 03:22:03'),(29,29,1,29,'1979-07-31 11:14:13','1986-07-03 18:49:19'),(30,30,2,30,'1974-06-03 19:27:14','2001-12-29 22:10:34'),(31,31,1,31,'2013-08-24 06:38:29','1973-02-26 21:53:10'),(32,32,2,32,'2008-11-03 17:57:03','1982-09-18 19:36:27'),(33,33,1,33,'1977-11-28 18:23:14','1981-08-22 16:28:48'),(34,34,2,34,'1984-07-22 05:30:15','2020-05-26 08:55:42'),(35,35,1,35,'1985-09-29 23:51:33','2003-01-13 07:46:08'),(36,36,2,36,'2015-10-21 07:45:36','2013-08-31 17:26:39'),(37,37,1,37,'2009-09-11 21:38:21','2006-03-14 06:04:43'),(38,38,2,38,'2007-04-13 13:51:33','2016-02-28 17:48:52'),(39,39,1,39,'1976-05-25 22:33:47','1999-07-31 03:48:18'),(40,40,2,40,'2016-10-12 05:16:34','1977-04-23 19:42:43'),(41,41,1,41,'1974-10-19 07:06:54','2006-10-06 16:32:18'),(42,42,2,42,'1994-09-02 09:51:55','2013-11-19 05:18:13'),(43,43,1,43,'1985-04-02 23:09:10','1976-08-03 09:57:08'),(44,44,2,44,'1999-12-17 04:04:03','2006-02-10 04:46:09'),(45,45,1,45,'1996-09-15 12:51:13','2007-12-17 06:41:09'),(46,46,2,46,'1975-09-03 23:47:44','2013-03-23 21:13:01'),(47,47,1,47,'2004-06-17 17:53:16','2001-12-25 11:26:21'),(48,48,2,48,'2010-06-22 05:00:10','2000-10-01 20:47:50'),(49,49,1,49,'1981-06-30 22:53:13','1999-01-04 15:32:43'),(50,50,2,50,'1981-08-28 05:27:12','1974-07-10 07:28:47'),(51,51,1,51,'2018-03-10 07:47:48','2007-08-26 07:44:56'),(52,52,2,52,'1998-04-02 18:17:54','1994-07-25 11:41:59'),(53,53,1,53,'2012-04-07 20:08:41','2004-06-01 13:11:46'),(54,54,2,54,'2004-09-26 22:40:17','1978-02-28 00:06:47'),(55,55,1,55,'1998-10-20 10:24:13','2006-11-16 23:17:27'),(56,56,2,56,'2000-06-06 16:05:13','1995-06-15 00:44:15'),(57,57,1,57,'1996-10-14 20:50:21','2013-01-24 16:19:54'),(58,58,2,58,'2015-10-28 13:51:36','2008-09-18 06:04:44'),(59,59,1,59,'1998-04-09 20:00:36','1970-08-09 12:32:42'),(60,60,2,60,'1992-04-02 17:50:35','1997-09-13 13:02:33'),(61,61,1,61,'2005-07-07 21:43:31','2012-06-25 04:29:37'),(62,62,2,62,'1999-01-06 03:28:17','2020-08-06 22:14:15'),(63,63,1,63,'2002-06-25 01:39:06','1997-09-20 20:14:11'),(64,64,2,64,'1987-03-03 12:36:46','2004-04-22 14:22:18'),(65,65,1,65,'2002-10-10 20:13:02','2017-12-15 14:10:34'),(66,66,2,66,'1989-04-12 10:00:42','1992-12-30 06:52:06'),(67,67,1,67,'1993-12-19 13:14:10','2018-07-19 15:00:21'),(68,68,2,68,'1977-08-04 10:28:31','2013-07-26 02:14:25'),(69,69,1,69,'2008-10-14 18:38:23','2013-04-10 20:44:06'),(70,70,2,70,'2013-06-04 16:35:45','2010-07-20 18:26:24'),(71,71,1,71,'2002-02-01 19:05:11','2005-04-07 18:52:42'),(72,72,2,72,'1994-01-20 15:04:04','2020-09-29 01:36:12'),(73,73,1,73,'1984-11-21 20:58:52','1973-05-24 23:00:15'),(74,74,2,74,'2021-01-22 18:49:12','1982-11-11 08:09:43'),(75,75,1,75,'1977-11-13 09:48:33','1972-05-01 06:31:42'),(76,76,2,76,'2006-12-29 21:20:57','2011-08-02 07:50:18'),(77,77,1,77,'1995-06-27 15:31:43','1983-08-07 06:11:41'),(78,78,2,78,'1971-07-05 21:14:46','2006-07-07 06:20:30'),(79,79,1,79,'1973-03-03 19:42:23','1991-07-14 18:18:05'),(80,80,2,80,'1990-05-23 09:22:09','1988-07-17 19:03:48'),(81,81,1,81,'1988-06-01 14:10:19','1982-05-18 07:23:37'),(82,82,2,82,'1994-04-17 14:33:29','1987-03-20 05:06:58'),(83,83,1,83,'1970-05-03 21:53:37','2013-06-23 10:25:13'),(84,84,2,84,'1984-02-24 14:15:08','1981-03-27 03:16:57'),(85,85,1,85,'1975-07-21 02:41:43','1976-03-09 08:56:53'),(86,86,2,86,'1984-07-19 12:36:04','2004-06-18 07:54:25'),(87,87,1,87,'2021-01-03 06:44:00','1987-05-30 08:41:47'),(88,88,2,88,'1984-05-01 07:57:49','1992-09-24 01:39:15'),(89,89,1,89,'2005-05-22 07:49:04','1995-04-20 01:56:33'),(90,90,2,90,'2009-03-02 09:33:13','1971-06-12 15:00:41'),(91,91,1,91,'1999-02-08 00:51:22','1977-10-17 19:45:22'),(92,92,2,92,'1987-06-17 09:13:32','2001-08-19 12:22:26'),(93,93,1,93,'2002-02-13 12:33:55','1970-12-10 04:31:57'),(94,94,2,94,'1986-04-10 20:06:16','2007-10-11 09:36:19'),(95,95,1,95,'2018-05-14 19:16:29','1983-04-29 08:39:16'),(96,96,2,96,'2010-04-30 01:23:56','1995-06-27 12:16:59'),(97,97,1,97,'2011-01-03 08:05:38','2008-06-06 12:32:14'),(98,98,2,98,'2011-07-27 01:51:49','1995-12-24 19:53:26'),(99,99,1,99,'2008-06-23 03:42:29','1999-11-07 11:33:30'),(100,100,2,100,'2015-04-09 13:20:33','1977-01-06 11:59:07'),(101,101,1,1,'2017-02-22 20:09:19','1980-03-23 00:57:09'),(102,102,2,2,'1994-10-30 02:11:17','1975-01-02 22:06:40'),(103,103,1,3,'1997-04-16 03:44:17','2002-03-02 13:46:57'),(104,104,2,4,'2004-10-10 13:25:41','1980-05-01 15:30:55'),(105,105,1,5,'2014-07-09 03:16:16','1985-11-23 00:29:20'),(106,106,2,6,'2005-08-09 21:17:23','2014-05-12 06:43:56'),(107,107,1,7,'2006-04-24 21:55:02','2010-11-07 10:25:51'),(108,108,2,8,'2016-09-12 23:47:49','2005-01-12 18:10:25'),(109,109,1,9,'1987-10-09 15:06:49','2017-10-14 03:15:37'),(110,110,2,10,'2011-12-28 03:14:56','1981-05-17 12:18:43'),(111,111,1,11,'2019-10-26 21:04:59','1993-07-31 11:57:55'),(112,112,2,12,'2010-10-18 06:42:03','1979-09-19 15:34:29'),(113,113,1,13,'2016-07-16 05:12:35','1999-02-24 03:06:28'),(114,114,2,14,'1970-06-01 15:40:18','2011-06-08 07:52:26'),(115,115,1,15,'2011-09-25 12:10:25','1999-03-01 16:16:51'),(116,116,2,16,'1974-04-06 00:32:26','1988-09-21 09:39:40'),(117,117,1,17,'1994-11-12 09:12:39','1983-09-13 10:25:16'),(118,118,2,18,'2006-02-07 04:00:53','2019-11-30 03:15:16'),(119,119,1,19,'2004-08-31 18:48:43','1979-09-22 04:34:28'),(120,120,2,20,'2012-03-08 05:23:02','1979-12-03 18:12:28'),(121,121,1,21,'2017-06-29 18:45:36','1985-06-18 09:42:42'),(122,122,2,22,'2016-02-16 20:01:02','1992-07-17 17:11:56'),(123,123,1,23,'1975-01-01 07:13:09','2020-12-08 08:33:08'),(124,124,2,24,'2002-10-07 04:43:36','1975-09-08 09:39:37'),(125,125,1,25,'1981-06-06 23:40:30','1978-09-17 16:47:22'),(126,126,2,26,'2014-02-14 05:58:49','1978-08-07 20:33:36'),(127,127,1,27,'2001-09-18 20:24:54','2000-09-07 05:43:20'),(128,128,2,28,'1995-11-23 00:15:32','1989-08-12 22:00:01'),(129,129,1,29,'1983-10-16 07:37:51','2012-11-18 22:01:58'),(130,130,2,30,'1982-10-19 20:44:47','1998-10-29 23:22:45'),(131,131,1,31,'1998-04-03 02:09:05','1986-12-26 08:39:34'),(132,132,2,32,'2010-02-06 05:15:53','2020-09-13 01:49:31'),(133,133,1,33,'2020-07-24 06:16:20','1990-09-07 17:44:36'),(134,134,2,34,'2014-12-07 04:04:09','2018-12-14 00:13:41'),(135,135,1,35,'1973-03-06 19:46:19','1983-01-09 19:04:23'),(136,136,2,36,'1991-12-11 10:08:50','2004-03-10 06:27:05'),(137,137,1,37,'1990-04-05 22:24:02','1982-10-14 03:57:05'),(138,138,2,38,'1991-07-21 20:43:02','1971-12-05 06:24:38'),(139,139,1,39,'2003-06-17 14:56:45','2020-04-10 16:45:17'),(140,140,2,40,'1983-11-23 00:05:48','1979-10-13 06:24:04'),(141,141,1,41,'1990-07-08 14:18:26','1997-01-24 05:47:55'),(142,142,2,42,'1984-12-01 10:05:05','1972-01-25 00:09:59'),(143,143,1,43,'1973-05-02 00:12:52','1986-08-04 05:44:48'),(144,144,2,44,'1989-05-09 08:47:34','1976-06-07 12:47:36'),(145,145,1,45,'2005-12-31 14:58:21','1971-08-22 13:41:26'),(146,146,2,46,'1986-09-02 01:41:14','1981-04-02 15:56:49'),(147,147,1,47,'2004-11-14 14:54:30','1989-07-04 14:09:34'),(148,148,2,48,'2002-05-23 14:28:55','1998-03-01 06:09:39'),(149,149,1,49,'1998-10-02 23:46:50','1991-08-05 20:51:32'),(150,150,2,50,'2016-01-01 17:11:11','2000-12-02 19:28:26');
/*!40000 ALTER TABLE `media_reactions` ENABLE KEYS */;
UNLOCK TABLES;

--
-- Table structure for table `media_types`
--

DROP TABLE IF EXISTS `media_types`;
/*!40101 SET @saved_cs_client     = @@character_set_client */;
/*!50503 SET character_set_client = utf8mb4 */;
CREATE TABLE `media_types` (
  `id` int unsigned NOT NULL AUTO_INCREMENT COMMENT 'Идентификатор строки',
  `name` varchar(255) NOT NULL COMMENT 'Название типа',
  `created_at` datetime DEFAULT CURRENT_TIMESTAMP COMMENT 'Время создания строки',
  `updated_at` datetime DEFAULT CURRENT_TIMESTAMP ON UPDATE CURRENT_TIMESTAMP COMMENT 'Время обновления строки',
  PRIMARY KEY (`id`),
  UNIQUE KEY `name` (`name`)
) ENGINE=InnoDB AUTO_INCREMENT=6 DEFAULT CHARSET=utf8mb4 COLLATE=utf8mb4_0900_ai_ci COMMENT='Типы медиафайлов';
/*!40101 SET character_set_client = @saved_cs_client */;

--
-- Dumping data for table `media_types`
--

LOCK TABLES `media_types` WRITE;
/*!40000 ALTER TABLE `media_types` DISABLE KEYS */;
INSERT INTO `media_types` VALUES (1,'video','1975-05-18 05:19:37','1982-08-09 05:48:27'),(2,'audio','1993-03-03 05:24:00','1987-07-24 10:21:40'),(3,'gif','1976-12-13 07:19:06','1977-09-18 01:16:42'),(4,'photo','2019-11-05 09:39:30','2004-08-27 00:35:30'),(5,'file','2018-04-12 00:08:58','2012-08-20 02:41:43');
/*!40000 ALTER TABLE `media_types` ENABLE KEYS */;
UNLOCK TABLES;

--
-- Table structure for table `message_statuses`
--

DROP TABLE IF EXISTS `message_statuses`;
/*!40101 SET @saved_cs_client     = @@character_set_client */;
/*!50503 SET character_set_client = utf8mb4 */;
CREATE TABLE `message_statuses` (
  `id` int unsigned NOT NULL AUTO_INCREMENT,
  `status_name` varchar(100) NOT NULL,
  `created_at` datetime DEFAULT CURRENT_TIMESTAMP COMMENT 'Время создания строки',
  `updated_at` datetime DEFAULT CURRENT_TIMESTAMP ON UPDATE CURRENT_TIMESTAMP COMMENT 'Время обновления строки',
  PRIMARY KEY (`id`),
  UNIQUE KEY `status_name` (`status_name`)
) ENGINE=InnoDB AUTO_INCREMENT=4 DEFAULT CHARSET=utf8mb4 COLLATE=utf8mb4_0900_ai_ci;
/*!40101 SET character_set_client = @saved_cs_client */;

--
-- Dumping data for table `message_statuses`
--

LOCK TABLES `message_statuses` WRITE;
/*!40000 ALTER TABLE `message_statuses` DISABLE KEYS */;
INSERT INTO `message_statuses` VALUES (1,'доставлено','1979-12-10 00:01:14','2014-12-02 17:53:51'),(2,'не доставлено','1999-12-05 06:49:15','1974-10-26 13:35:48'),(3,'прочитано','2000-02-29 21:53:55','1977-09-25 11:22:07');
/*!40000 ALTER TABLE `message_statuses` ENABLE KEYS */;
UNLOCK TABLES;

--
-- Table structure for table `messages`
--

DROP TABLE IF EXISTS `messages`;
/*!40101 SET @saved_cs_client     = @@character_set_client */;
/*!50503 SET character_set_client = utf8mb4 */;
CREATE TABLE `messages` (
  `id` int unsigned NOT NULL AUTO_INCREMENT COMMENT 'Идентификатор строки',
  `from_user_id` int unsigned NOT NULL COMMENT 'Ссылка на отправителя сообщения',
  `to_user_id` int unsigned NOT NULL COMMENT 'Ссылка на получателя сообщения',
  `body` text NOT NULL COMMENT 'Текст сообщения',
  `status_id` int unsigned NOT NULL,
  `created_at` datetime DEFAULT CURRENT_TIMESTAMP COMMENT 'Время создания строки',
  `updated_at` datetime DEFAULT CURRENT_TIMESTAMP ON UPDATE CURRENT_TIMESTAMP COMMENT 'Время обновления строки',
  `is_important` tinyint(1) DEFAULT NULL,
  `media_id` int unsigned DEFAULT NULL,
  PRIMARY KEY (`id`),
  KEY `fk_message_status` (`status_id`),
  KEY `fk_message_users_1` (`from_user_id`),
  KEY `fk_message_users_2` (`to_user_id`),
  KEY `fk_message_media_id` (`media_id`),
  CONSTRAINT `fk_message_media_id` FOREIGN KEY (`media_id`) REFERENCES `media` (`id`),
  CONSTRAINT `fk_message_status` FOREIGN KEY (`status_id`) REFERENCES `message_statuses` (`id`),
  CONSTRAINT `fk_message_users_1` FOREIGN KEY (`from_user_id`) REFERENCES `users` (`id`),
  CONSTRAINT `fk_message_users_2` FOREIGN KEY (`to_user_id`) REFERENCES `users` (`id`)
) ENGINE=InnoDB AUTO_INCREMENT=301 DEFAULT CHARSET=utf8mb4 COLLATE=utf8mb4_0900_ai_ci COMMENT='Сообщения';
/*!40101 SET character_set_client = @saved_cs_client */;

--
-- Dumping data for table `messages`
--

LOCK TABLES `messages` WRITE;
/*!40000 ALTER TABLE `messages` DISABLE KEYS */;
INSERT INTO `messages` VALUES (1,1,1,'Alice)--\'and perhaps you were never even introduced to a mouse, you know. But do cats eat bats?\' and sometimes, \'Do bats eat cats?\' for, you see, Alice had no idea how to set them free, Exactly as.',1,'1994-03-21 07:02:10','1992-02-10 05:54:22',1,1),(2,2,2,'Turtle--we used to it!\' pleaded poor Alice in a coaxing tone, and added with a T!\' said the Rabbit\'s little white kid gloves and the baby with some curiosity. \'What a curious plan!\' exclaimed Alice..',2,'2015-05-10 22:28:29','1996-07-14 05:33:58',0,2),(3,3,3,'Caterpillar, and the reason and all that,\' said the Dodo. Then they both cried. \'Wake up, Dormouse!\' And they pinched it on both sides at once. The Dormouse slowly opened his eyes were looking over.',3,'2011-01-28 07:30:09','1973-08-17 22:36:44',0,3),(4,4,4,'Very soon the Rabbit just under the hedge. In another minute the whole thing, and longed to change the subject of conversation. While she was losing her temper. \'Are you content now?\' said the.',1,'1990-10-27 20:29:08','1999-03-20 03:50:11',0,4),(5,5,5,'Duck. \'Found IT,\' the Mouse in the wood,\' continued the Hatter, and he poured a little bit, and said nothing. \'Perhaps it hasn\'t one,\' Alice ventured to remark. \'Tut, tut, child!\' said the Rabbit.',2,'2021-03-25 03:03:20','1984-02-29 14:25:40',1,5),(6,6,6,'WHAT things?\' said the Dormouse: \'not in that poky little house, on the slate. \'Herald, read the accusation!\' said the Footman. \'That\'s the first figure!\' said the Dormouse; \'--well in.\' This answer.',3,'2015-11-14 20:55:28','2007-09-10 15:53:46',1,6),(7,7,7,'At last the Dodo suddenly called out to sea as you liked.\' \'Is that the Mouse only growled in reply. \'That\'s right!\' shouted the Queen. \'I haven\'t the slightest idea,\' said the Gryphon, and, taking.',1,'1978-08-18 16:32:09','1976-09-24 19:39:58',0,7),(8,8,8,'Caterpillar contemptuously. \'Who are YOU?\' Which brought them back again to the shore, and then the puppy began a series of short charges at the frontispiece if you could see it quite plainly.',2,'2010-03-01 21:14:13','2011-09-03 12:59:34',1,8),(9,9,9,'While she was playing against herself, for this curious child was very deep, or she fell very slowly, for she was now, and she did not much surprised at this, she came in sight of the ground--and I.',3,'1998-07-08 07:09:29','1978-01-07 10:50:56',1,9),(10,10,10,'Dormouse into the sky. Twinkle, twinkle--\"\' Here the Queen said to Alice; and Alice could hear him sighing as if a dish or kettle had been jumping about like mad things all this time, as it is.\' \'I.',1,'1973-09-17 22:11:50','1992-05-12 20:32:00',0,10),(11,11,11,'Gryphon in an encouraging tone. Alice looked very uncomfortable. The moment Alice felt that this could not think of nothing else to do, and in his turn; and both footmen, Alice noticed, had powdered.',2,'1993-07-01 11:12:41','2019-10-12 19:17:35',1,11),(12,12,12,'Alice replied, rather shyly, \'I--I hardly know, sir, just at present--at least I know all the arches are gone from this side of WHAT? The other side of WHAT?\' thought Alice; \'only, as it\'s asleep, I.',3,'1973-03-27 01:28:37','1970-12-22 08:32:14',0,12),(13,13,13,'The great question certainly was, what? Alice looked very uncomfortable. The first thing she heard something splashing about in a low voice, \'Why the fact is, you see, as they all cheered. Alice.',1,'1999-02-11 11:50:56','1983-02-12 06:35:02',1,13),(14,14,14,'YOUR temper!\' \'Hold your tongue, Ma!\' said the Dormouse; \'VERY ill.\' Alice tried to get out at the jury-box, and saw that, in her brother\'s Latin Grammar, \'A mouse--of a mouse--to a mouse--a.',2,'2007-03-15 20:01:06','2020-08-29 03:59:36',1,14),(15,15,15,'White Rabbit blew three blasts on the top of her sharp little chin into Alice\'s shoulder as she had not a regular rule: you invented it just missed her. Alice caught the baby violently up and down.',3,'2000-06-12 18:02:39','1984-11-16 22:47:27',1,15),(16,16,16,'Hatter, \'when the Queen said severely \'Who is it directed to?\' said one of them were animals, and some \'unimportant.\' Alice could think of any use, now,\' thought poor Alice, and she heard a little.',1,'1972-09-21 03:43:17','1982-01-22 08:29:36',1,16),(17,17,17,'Twinkle, twinkle--\"\' Here the Queen said--\' \'Get to your little boy, And beat him when he pleases!\' CHORUS. \'Wow! wow! wow!\' While the Panther received knife and fork with a deep voice, \'What are.',2,'1995-07-21 17:01:09','2019-06-05 15:17:02',1,17),(18,18,18,'There was a good way off, and she ran out of the jury eagerly wrote down on one knee. \'I\'m a poor man, your Majesty,\' he began, \'for bringing these in: but I can\'t quite follow it as a cushion,.',3,'1972-10-04 02:34:45','1979-12-11 02:57:40',0,18),(19,19,19,'O Mouse!\' (Alice thought this must be kind to them,\' thought Alice, \'it\'ll never do to ask: perhaps I shall be a Caucus-race.\' \'What IS the use of this ointment--one shilling the box-- Allow me to.',1,'1972-12-28 05:37:12','2020-04-06 03:52:47',1,19),(20,20,20,'Do come back and finish your story!\' Alice called out \'The Queen! The Queen!\' and the constant heavy sobbing of the Nile On every golden scale! \'How cheerfully he seems to be trampled under its.',2,'1971-09-17 21:36:46','2020-01-21 01:39:51',0,20),(21,21,21,'It did so indeed, and much sooner than she had felt quite strange at first; but she remembered trying to touch her. \'Poor little thing!\' said the Caterpillar. \'Well, perhaps you were INSIDE, you.',3,'1988-02-18 23:14:02','1971-09-05 15:15:20',0,21),(22,22,22,'How queer everything is queer to-day.\' Just then her head made her draw back in a day or two: wouldn\'t it be murder to leave off this minute!\' She generally gave herself very good height indeed!\'.',1,'1984-06-12 21:04:37','1973-04-08 23:25:31',1,22),(23,23,23,'Caterpillar, just as well say,\' added the Queen. \'Sentence first--verdict afterwards.\' \'Stuff and nonsense!\' said Alice thoughtfully: \'but then--I shouldn\'t be hungry for it, you know--\' \'What did.',2,'1982-07-22 12:47:50','1980-06-23 12:34:07',1,23),(24,24,24,'Alice cautiously replied: \'but I must sugar my hair.\" As a duck with its legs hanging down, but generally, just as she could remember them, all these changes are! I\'m never sure what I\'m going to.',3,'1984-12-04 05:17:02','1977-06-19 06:07:17',1,24),(25,25,25,'What made you so awfully clever?\' \'I have answered three questions, and that if something wasn\'t done about it while the rest were quite dry again, the cook was leaning over the list, feeling very.',1,'1979-06-06 12:42:54','1986-04-21 20:01:41',1,25),(26,26,26,'Alice severely. \'What are you thinking of?\' \'I beg pardon, your Majesty,\' he began, \'for bringing these in: but I shall be late!\' (when she thought there was no time she\'d have everybody executed,.',2,'1988-12-05 02:24:43','2001-10-02 12:02:29',0,26),(27,27,27,'Gryphon. \'The reason is,\' said the one who got any advantage from the sky! Ugh, Serpent!\' \'But I\'m NOT a serpent!\' said Alice very meekly: \'I\'m growing.\' \'You\'ve no right to think,\' said Alice.',3,'2003-04-26 06:42:03','2011-02-08 03:52:07',1,27),(28,28,28,'Alice, rather doubtfully, as she went to work at once set to partners--\' \'--change lobsters, and retire in same order,\' continued the Hatter, \'I cut some more bread-and-butter--\' \'But what happens.',1,'1988-11-14 21:41:42','2004-07-30 08:16:16',0,28),(29,29,29,'King said to the part about her other little children, and everybody else. \'Leave off that!\' screamed the Gryphon. \'It all came different!\' the Mock Turtle. \'Hold your tongue!\' added the Dormouse,.',2,'1978-10-02 17:38:20','1979-04-12 23:46:28',1,29),(30,30,30,'Duchess, the Duchess! Oh! won\'t she be savage if I\'ve been changed for any of them. \'I\'m sure I\'m not used to say.\' \'So he did, so he with his head!\"\' \'How dreadfully savage!\' exclaimed Alice. \'And.',3,'2001-05-10 17:12:12','1988-08-16 00:28:00',0,30),(31,31,31,'YOU must cross-examine THIS witness.\' \'Well, if I shall be punished for it now, I suppose, by being drowned in my own tears! That WILL be a LITTLE larger, sir, if you wouldn\'t mind,\' said Alice:.',1,'1985-01-07 16:45:41','2017-03-21 10:02:47',0,31),(32,32,32,'I had not got into a sort of use in the distance, sitting sad and lonely on a summer day: The Knave did so, very carefully, with one of them attempted to explain it is right?\' \'In my youth,\' Father.',2,'2005-06-26 02:44:38','1980-01-01 05:40:34',1,32),(33,33,33,'Queen shouted at the top of his great wig.\' The judge, by the officers of the soldiers had to kneel down on her toes when they had been looking over their shoulders, that all the children she knew,.',3,'1989-12-11 20:55:44','1996-04-02 00:04:51',0,33),(34,34,34,'I\'m never sure what I\'m going to remark myself.\' \'Have you seen the Mock Turtle. \'Very much indeed,\' said Alice. \'Come, let\'s try the whole window!\' \'Sure, it does, yer honour: but it\'s an arm for.',1,'1996-12-10 23:20:50','1981-05-13 22:59:28',0,34),(35,35,35,'King eagerly, and he wasn\'t one?\' Alice asked. \'We called him a fish)--and rapped loudly at the door as you liked.\' \'Is that all?\' said Alice, \'because I\'m not myself, you see.\' \'I don\'t see any.',2,'1980-11-04 16:47:36','1995-03-24 07:34:15',0,35),(36,36,36,'There was a large pigeon had flown into her head. Still she went on, \'\"--found it advisable to go down the chimney close above her: then, saying to herself \'This is Bill,\' she gave her one, they.',3,'2012-04-26 15:38:50','1985-12-24 02:44:10',0,36),(37,37,37,'How neatly spread his claws, And welcome little fishes in With gently smiling jaws!\' \'I\'m sure those are not the smallest notice of her sister, as well go back, and barking hoarsely all the time.',1,'2013-04-28 13:18:40','1990-03-02 15:38:46',1,37),(38,38,38,'AND WASHING--extra.\"\' \'You couldn\'t have done that, you know,\' Alice gently remarked; \'they\'d have been changed for any of them. However, on the slate. \'Herald, read the accusation!\' said the.',2,'1981-04-05 00:39:12','1990-04-29 21:24:28',0,38),(39,39,39,'Alice. \'Call it what you had been to a mouse: she had hurt the poor little juror (it was Bill, the Lizard) could not think of nothing else to do, and perhaps as this before, never! And I declare.',3,'1980-07-24 19:46:04','1974-10-08 04:40:06',1,39),(40,40,40,'Hatter grumbled: \'you shouldn\'t have put it into one of the same age as herself, to see if she had found the fan and two or three times over to herself, as she spoke; \'either you or your head must.',1,'2013-01-04 15:24:41','1996-05-10 10:20:08',0,40),(41,41,41,'O Mouse!\' (Alice thought this a good deal: this fireplace is narrow, to be true): If she should chance to be rude, so she went on again:-- \'You may go,\' said the King sharply. \'Do you mean.',2,'1981-10-12 23:19:49','1978-06-10 16:54:49',0,41),(42,42,42,'You\'re a serpent; and there\'s no use now,\' thought Alice, \'and if it had grown so large a house, that she knew that were of the mushroom, and crawled away in the pool of tears which she found that.',3,'2017-11-14 08:38:45','2003-05-05 02:45:56',0,42),(43,43,43,'ONE with such a long way. So they got thrown out to her daughter \'Ah, my dear! Let this be a Caucus-race.\' \'What IS the fun?\' said Alice. \'Then it doesn\'t matter a bit,\' said the Mouse was speaking,.',1,'1998-02-13 16:35:29','2008-07-06 01:11:15',0,43),(44,44,44,'As soon as look at all the way out of the sort!\' said Alice. \'Why, you don\'t like the name: however, it only grinned when it had come back and finish your story!\' Alice called after her. \'I\'ve.',2,'1991-10-15 19:31:17','1986-10-10 04:11:00',0,44),(45,45,45,'It was opened by another footman in livery, with a sigh: \'he taught Laughing and Grief, they used to read fairy-tales, I fancied that kind of serpent, that\'s all you know the way out of a good many.',3,'2007-04-25 09:51:50','1992-05-10 15:31:01',0,45),(46,46,46,'Dormouse; \'--well in.\' This answer so confused poor Alice, that she did not dare to laugh; and, as they lay sprawling about, reminding her very much pleased at having found out that it might end,.',1,'2008-04-24 08:10:48','1981-10-18 16:09:01',1,46),(47,47,47,'White Rabbit hurried by--the frightened Mouse splashed his way through the neighbouring pool--she could hear the very middle of the shepherd boy--and the sneeze of the trees as well say,\' added the.',2,'1994-04-19 23:04:22','2019-12-08 11:28:01',0,47),(48,48,48,'Alice was soon submitted to by the soldiers, who of course had to ask them what the next witness.\' And he added looking angrily at the Mouse\'s tail; \'but why do you like the look of it had gone..',3,'2012-06-16 06:22:17','1992-01-10 19:01:49',0,48),(49,49,49,'Dinah, and saying to herself as she stood looking at the time she saw in my kitchen AT ALL. Soup does very well as if she had made her draw back in their mouths. So they got settled down in a solemn.',1,'1992-06-18 04:24:07','2012-06-28 23:29:36',0,49),(50,50,50,'ME\' were beautifully marked in currants. \'Well, I\'ll eat it,\' said the Dormouse, and repeated her question. \'Why did you begin?\' The Hatter shook his head off outside,\' the Queen was close behind it.',2,'1989-07-24 12:58:30','1976-01-16 20:11:54',0,50),(51,51,51,'Tortoise, if he would deny it too: but the Rabbit came near her, about the same thing as \"I sleep when I got up this morning? I almost wish I hadn\'t quite finished my tea when I was sent for.\' \'You.',3,'2011-11-01 12:03:20','2002-10-08 08:11:50',0,51),(52,52,52,'King. \'Shan\'t,\' said the Dodo, \'the best way to fly up into hers--she could hear the words:-- \'I speak severely to my right size to do it! Oh dear! I wish I had it written up somewhere.\' Down, down,.',1,'1985-11-26 11:29:38','2003-01-04 03:22:41',0,52),(53,53,53,'Alice for protection. \'You shan\'t be beheaded!\' \'What for?\' said Alice. \'You are,\' said the Pigeon went on, turning to Alice, they all moved off, and had to leave the court; but on second thoughts.',2,'1997-03-31 13:37:44','1976-04-24 18:35:13',1,53),(54,54,54,'Some of the house, \"Let us both go to law: I will prosecute YOU.--Come, I\'ll take no denial; We must have imitated somebody else\'s hand,\' said the Caterpillar. Alice folded her hands, and she.',3,'1974-12-04 22:41:26','2009-01-27 06:53:58',0,54),(55,55,55,'Alice an excellent opportunity for showing off her head!\' about once in her hand, and Alice was not easy to know what you mean,\' said Alice. \'What sort of a feather flock together.\"\' \'Only mustard.',1,'1992-04-11 09:03:26','2003-11-23 16:59:39',1,55),(56,56,56,'Eaglet, and several other curious creatures. Alice led the way, was the White Rabbit put on your shoes and stockings for you now, dears? I\'m sure she\'s the best way you can;--but I must have been.',2,'2020-01-31 17:55:25','1995-12-23 04:57:42',1,56),(57,57,57,'How queer everything is to-day! And yesterday things went on again:-- \'I didn\'t know how to spell \'stupid,\' and that you think I can guess that,\' she added in a sulky tone, as it spoke (it was.',3,'1977-03-30 11:18:18','2016-11-16 08:34:43',0,57),(58,58,58,'Alice dodged behind a great deal too far off to other parts of the Lobster Quadrille, that she wanted to send the hedgehog had unrolled itself, and was going a journey, I should think it would be.',1,'1999-07-23 23:15:52','2018-08-28 04:04:15',0,58),(59,59,59,'THE KING AND QUEEN OF HEARTS. Alice was very provoking to find herself still in sight, and no one to listen to me! I\'LL soon make you dry enough!\' They all returned from him to be an advantage,\'.',2,'2007-08-14 12:30:50','1986-03-05 15:29:17',1,59),(60,60,60,'She was walking hand in hand, in couples: they were playing the Queen to play croquet.\' The Frog-Footman repeated, in the sea!\' cried the Mock Turtle in a very deep well. Either the well was very.',3,'1997-01-06 20:14:26','2008-10-19 03:38:41',0,60),(61,61,61,'Hatter trembled so, that Alice quite hungry to look down and began talking to herself, as she had this fit) An obstacle that came between Him, and ourselves, and it. Don\'t let him know she liked.',1,'1978-01-02 03:56:33','2017-12-28 14:19:54',1,61),(62,62,62,'Dormouse crossed the court, arm-in-arm with the birds hurried off to other parts of the day; and this time with great emphasis, looking hard at Alice for some minutes. The Caterpillar and Alice.',2,'2018-10-22 00:38:59','1989-11-28 13:07:26',0,62),(63,63,63,'OUTSIDE.\' He unfolded the paper as he shook both his shoes on. \'--and just take his head contemptuously. \'I dare say there may be ONE.\' \'One, indeed!\' said the Pigeon; \'but I must sugar my hair.\" As.',3,'1972-04-02 00:01:36','1983-03-26 12:54:55',0,63),(64,64,64,'She hastily put down her anger as well go back, and barking hoarsely all the time he had never heard it muttering to itself \'The Duchess! The Duchess! Oh my fur and whiskers! She\'ll get me executed,.',1,'2001-08-27 08:57:46','1999-05-31 06:50:52',0,64),(65,65,65,'SOMETHING interesting is sure to kill it in asking riddles that have no idea what to say whether the blows hurt it or not. So she sat down with wonder at the flowers and those cool fountains, but.',2,'2010-05-20 04:51:41','2002-01-06 14:32:36',0,65),(66,66,66,'She pitied him deeply. \'What is his sorrow?\' she asked the Mock Turtle is.\' \'It\'s the first to break the silence. \'What day of the tail, and ending with the tarts, you know--\' She had not gone far.',3,'1989-04-22 01:59:27','2018-03-03 13:55:15',1,66),(67,67,67,'And so it was quite tired and out of sight: then it watched the Queen had ordered. They very soon finished it off. \'If everybody minded their own business!\' \'Ah, well! It means much the same thing,\'.',1,'1979-10-12 17:59:54','2000-12-21 13:34:13',0,67),(68,68,68,'I didn\'t know how to get in?\' she repeated, aloud. \'I shall sit here,\' the Footman went on talking: \'Dear, dear! How queer everything is to-day! And yesterday things went on in the middle. Alice.',2,'2019-04-26 03:51:09','1985-12-22 10:09:14',1,68),(69,69,69,'King very decidedly, and there she saw maps and pictures hung upon pegs. She took down a very melancholy voice. \'Repeat, \"YOU ARE OLD, FATHER WILLIAM,\' to the rose-tree, she went hunting about, and.',3,'2008-07-05 07:47:27','1999-07-11 09:02:32',0,69),(70,70,70,'Footman\'s head: it just now.\' \'It\'s the stupidest tea-party I ever saw one that size? Why, it fills the whole head appeared, and then sat upon it.) \'I\'m glad they\'ve begun asking riddles.--I believe.',1,'1986-12-08 14:15:01','2003-11-20 08:40:37',0,70),(71,71,71,'Presently the Rabbit say to itself, half to Alice. \'Nothing,\' said Alice. \'Oh, don\'t bother ME,\' said Alice indignantly. \'Ah! then yours wasn\'t a bit afraid of it. Presently the Rabbit actually TOOK.',2,'1990-12-09 23:43:43','1996-02-26 12:46:36',1,71),(72,72,72,'And when I was a little hot tea upon its nose. The Dormouse had closed its eyes were getting so thin--and the twinkling of the sense, and the roof off.\' After a while, finding that nothing more.',3,'1982-10-11 01:02:40','2013-10-03 21:25:50',0,72),(73,73,73,'King. The White Rabbit read:-- \'They told me you had been anxiously looking across the garden, where Alice could not answer without a moment\'s delay would cost them their lives. All the time when.',1,'2000-08-10 00:21:16','2006-01-04 08:15:41',0,73),(74,74,74,'The Queen smiled and passed on. \'Who ARE you talking to?\' said one of them didn\'t know that Cheshire cats always grinned; in fact, a sort of present!\' thought Alice. One of the well, and noticed.',2,'1982-06-15 09:13:12','2015-10-30 04:22:34',1,74),(75,75,75,'And when I got up very sulkily and crossed over to the beginning again?\' Alice ventured to ask. \'Suppose we change the subject of conversation. While she was saying, and the little door was shut.',3,'1978-01-05 08:50:46','2018-09-19 16:59:01',0,75),(76,76,76,'Alice said nothing; she had looked under it, and yet it was all finished, the Owl, as a lark, And will talk in contemptuous tones of the wood--(she considered him to be seen: she found that it would.',1,'1971-11-28 14:59:10','1997-02-08 20:51:43',0,76),(77,77,77,'It\'s the most interesting, and perhaps after all it might appear to others that what you mean,\' said Alice. \'I\'ve so often read in the window?\' \'Sure, it\'s an arm, yer honour!\' \'Digging for apples,.',2,'1996-01-08 10:40:00','2003-01-30 23:05:47',1,77),(78,78,78,'When I used to say.\' \'So he did, so he with his nose Trims his belt and his friends shared their never-ending meal, and the moment they saw Alice coming. \'There\'s PLENTY of room!\' said Alice to find.',3,'1982-03-08 04:57:23','2005-01-02 08:11:30',0,78),(79,79,79,'Just as she spoke--fancy CURTSEYING as you\'re falling through the glass, and she put her hand on the back. At last the Mock Turtle said: \'I\'m too stiff. And the Eaglet bent down its head down, and.',1,'1988-12-20 07:27:20','2013-08-26 15:49:27',0,79),(80,80,80,'CAN I have dropped them, I wonder?\' Alice guessed in a minute. Alice began to repeat it, but her head on her lap as if it had struck her foot! She was moving them about as much use in talking to.',2,'2000-12-14 19:41:57','1974-08-04 04:29:08',1,80),(81,81,81,'She took down a very curious thing, and longed to change the subject. \'Ten hours the first really clever thing the King in a sort of a muchness\"--did you ever eat a little wider. \'Come, it\'s pleased.',3,'2002-12-17 07:05:37','1991-11-22 00:23:38',1,81),(82,82,82,'There was no more to be done, I wonder?\' And here poor Alice began in a melancholy tone: \'it doesn\'t seem to come out among the trees, a little wider. \'Come, it\'s pleased so far,\' said the Mock.',1,'1980-06-28 12:39:26','1988-09-19 20:49:11',0,82),(83,83,83,'Alice, as she did not sneeze, were the cook, and a scroll of parchment in the world! Oh, my dear paws! Oh my dear paws! Oh my fur and whiskers! She\'ll get me executed, as sure as ferrets are.',2,'2010-10-13 05:22:36','2017-07-26 17:13:41',1,83),(84,84,84,'Majesty,\' said the Dodo, pointing to the general conclusion, that wherever you go to on the song, perhaps?\' \'I\'ve heard something like this:-- \'Fury said to a mouse: she had accidentally upset the.',3,'2013-09-16 18:08:00','1987-09-23 12:37:42',0,84),(85,85,85,'White Rabbit, jumping up in a rather offended tone, \'Hm! No accounting for tastes! Sing her \"Turtle Soup,\" will you, won\'t you, won\'t you join the dance. \'\"What matters it how far we go?\" his scaly.',1,'1997-12-24 05:55:48','1983-08-03 12:17:45',1,85),(86,86,86,'Alice thought she had succeeded in bringing herself down to nine inches high. CHAPTER VI. Pig and Pepper For a minute or two, she made it out into the garden. Then she went on at last, more calmly,.',2,'2003-08-12 10:13:35','2000-05-21 23:22:23',0,86),(87,87,87,'ARE you doing out here? Run home this moment, I tell you!\' said Alice. \'Of course they were\', said the March Hare. \'Exactly so,\' said the Mock Turtle sang this, very slowly and sadly:-- \'\"Will you.',3,'1986-11-09 23:06:15','1992-10-01 17:34:30',1,87),(88,88,88,'Alice, \'when one wasn\'t always growing larger and smaller, and being ordered about in the sea!\' cried the Gryphon, and, taking Alice by the end of his teacup and bread-and-butter, and then hurried.',1,'1973-03-19 21:36:07','1976-05-10 15:29:42',1,88),(89,89,89,'I am! But I\'d better take him his fan and gloves. \'How queer it seems,\' Alice said nothing; she had forgotten the little door: but, alas! either the locks were too large, or the key was too late to.',2,'2009-02-16 03:44:20','1995-05-25 15:59:53',0,89),(90,90,90,'Alice whispered, \'that it\'s done by everybody minding their own business,\' the Duchess said in a hurry: a large arm-chair at one corner of it: \'No room! No room!\' they cried out when they met in the.',3,'2004-08-18 01:45:36','1990-01-15 14:18:58',1,90),(91,91,91,'March Hare will be When they take us up and beg for its dinner, and all her life. Indeed, she had got burnt, and eaten up by two guinea-pigs, who were lying on their faces, and the words \'EAT ME\'.',1,'1995-06-04 19:00:44','1979-10-14 00:20:05',0,91),(92,92,92,'Do you think I should say what you like,\' said the King said, for about the games now.\' CHAPTER X. The Lobster Quadrille The Mock Turtle to the Knave was standing before them, in chains, with a.',2,'2016-04-15 07:09:42','1990-03-18 19:38:03',1,92),(93,93,93,'Caterpillar. Alice said very politely, feeling quite pleased to have the experiment tried. \'Very true,\' said the Caterpillar. \'Not QUITE right, I\'m afraid,\' said Alice, looking down with wonder at.',3,'2014-01-25 13:01:21','1972-08-15 04:08:26',0,93),(94,94,94,'And yet you incessantly stand on their hands and feet at the March Hare meekly replied. \'Yes, but some crumbs must have been a RED rose-tree, and we put a stop to this,\' she said to herself; \'his.',1,'1997-10-23 01:03:47','1981-08-27 13:43:15',0,94),(95,95,95,'After a time there were no arches left, and all that,\' he said in a minute. Alice began telling them her adventures from the Queen said severely \'Who is this?\' She said the last few minutes it.',2,'1979-07-14 09:08:23','1982-10-12 23:09:10',1,95),(96,96,96,'Alice thought decidedly uncivil. \'But perhaps it was talking in a mournful tone, \'he won\'t do a thing before, and behind them a railway station.) However, she got used to it in asking riddles that.',3,'2017-12-25 17:37:25','1990-03-24 21:48:44',0,96),(97,97,97,'King; \'and don\'t look at a king,\' said Alice. \'I don\'t know what to say whether the blows hurt it or not. \'Oh, PLEASE mind what you\'re doing!\' cried Alice, quite forgetting her promise. \'Treacle,\'.',1,'2002-08-26 14:54:33','2015-03-07 18:38:13',1,97),(98,98,98,'Dodo in an offended tone. And the muscular strength, which it gave to my right size for ten minutes together!\' \'Can\'t remember WHAT things?\' said the White Rabbit interrupted: \'UNimportant, your.',2,'2003-12-19 04:06:10','1980-07-21 04:28:23',0,98),(99,99,99,'So she set the little creature down, and nobody spoke for some time without hearing anything more: at last she spread out her hand, watching the setting sun, and thinking of little pebbles came.',3,'1979-05-27 00:33:15','2006-11-26 07:40:28',1,99),(100,100,100,'I\'ll never go THERE again!\' said Alice more boldly: \'you know you\'re growing too.\' \'Yes, but some crumbs must have been a RED rose-tree, and we put a stop to this,\' she said these words her foot.',1,'1986-08-05 13:49:50','2007-10-12 01:31:10',0,100),(101,1,1,'Alice, as she could see this, as she tucked it away under her arm, with its mouth and began an account of the hall; but, alas! the little creature down, and nobody spoke for some while in silence..',2,'1982-06-29 06:58:09','2018-09-28 03:36:15',1,101),(102,2,2,'And how odd the directions will look! ALICE\'S RIGHT FOOT, ESQ. HEARTHRUG, NEAR THE FENDER, (WITH ALICE\'S LOVE). Oh dear, what nonsense I\'m talking!\' Just then she remembered the number of bathing.',3,'2003-11-07 14:59:05','1992-03-03 13:05:55',0,102),(103,3,3,'Hatter instead!\' CHAPTER VII. A Mad Tea-Party There was nothing on it were white, but there were three gardeners instantly jumped up, and there was no time to go, for the garden!\' and she went on.',1,'1971-01-03 04:57:17','2004-01-01 06:26:25',0,103),(104,4,4,'Why, she\'ll eat a little way off, panting, with its legs hanging down, but generally, just as she ran; but the Hatter asked triumphantly. Alice did not get dry very soon. \'Ahem!\' said the cook. The.',2,'2019-06-18 11:03:11','2006-06-03 23:20:32',0,104),(105,5,5,'Because he knows it teases.\' CHORUS. (In which the cook tulip-roots instead of onions.\' Seven flung down his brush, and had been broken to pieces. \'Please, then,\' said Alice, \'we learned French and.',3,'2001-10-03 21:56:13','2013-02-23 02:26:52',1,105),(106,6,6,'She did not like to show you! A little bright-eyed terrier, you know, and he went on, very much what would happen next. \'It\'s--it\'s a very curious to see anything; then she heard her voice close to.',1,'2008-06-13 15:18:51','1988-05-30 23:00:37',0,106),(107,7,7,'I said \"What for?\"\' \'She boxed the Queen\'s ears--\' the Rabbit say, \'A barrowful will do, to begin lessons: you\'d only have to turn into a graceful zigzag, and was just possible it had grown up,\' she.',2,'2015-03-20 01:53:24','2008-12-02 20:53:14',0,107),(108,8,8,'Mock Turtle to sing \"Twinkle, twinkle, little bat! How I wonder what they\'ll do next! As for pulling me out of THIS!\' (Sounds of more energetic remedies--\' \'Speak English!\' said the Dormouse. \'Don\'t.',3,'2010-04-08 11:11:03','2012-06-22 03:36:37',1,108),(109,9,9,'Soup! Beau--ootiful Soo--oop! Soo--oop of the sense, and the little golden key, and unlocking the door and went on again:-- \'I didn\'t know how to spell \'stupid,\' and that he shook his grey locks, \'I.',1,'1996-12-14 21:57:10','1980-05-16 09:11:17',1,109),(110,10,10,'The Cat\'s head began fading away the time. Alice had got its neck nicely straightened out, and was just beginning to get to,\' said the Caterpillar sternly. \'Explain yourself!\' \'I can\'t help that,\'.',2,'1975-12-24 14:51:56','2019-09-12 08:58:03',0,110),(111,11,11,'Wonderland of long ago: and how she would have done that?\' she thought. \'I must be the right size, that it might appear to others that what you would seem to see anything; then she had hurt the poor.',3,'2020-06-28 12:00:45','1977-02-02 09:12:00',1,111),(112,12,12,'Gryphon replied very gravely. \'What else had you to leave off this minute!\' She generally gave herself very good height indeed!\' said the Mock Turtle went on, very much to-night, I should be free of.',1,'1984-09-19 02:48:54','1990-04-25 16:22:03',1,112),(113,13,13,'Queen of Hearts, she made some tarts, All on a summer day: The Knave shook his head contemptuously. \'I dare say there may be ONE.\' \'One, indeed!\' said the Pigeon. \'I\'m NOT a serpent, I tell you!\'.',2,'2012-10-15 03:02:05','1982-10-15 08:07:16',0,113),(114,14,14,'For this must ever be A secret, kept from all the children she knew that it had entirely disappeared; so the King said, with a growl, And concluded the banquet--] \'What IS the same thing,\' said the.',3,'1997-02-24 16:38:29','2002-03-21 18:51:24',1,114),(115,15,15,'I never heard it say to this: so she turned to the jury, and the King very decidedly, and there was Mystery,\' the Mock Turtle angrily: \'really you are very dull!\' \'You ought to tell them something.',1,'1989-03-23 11:22:33','2005-10-29 05:56:12',1,115),(116,16,16,'Caterpillar The Caterpillar was the same as they lay sprawling about, reminding her very much to-night, I should frighten them out again. Suddenly she came upon a low voice. \'Not at all,\' said the.',2,'1981-04-15 18:55:10','1993-02-18 22:01:39',0,116),(117,17,17,'Alice said very humbly; \'I won\'t indeed!\' said the Queen, the royal children; there were three gardeners who were giving it something out of the gloves, and was going to leave off being arches to do.',3,'1971-04-16 01:24:16','2015-06-17 18:05:39',1,117),(118,18,18,'However, this bottle was NOT marked \'poison,\' so Alice soon came to ME, and told me he was going to give the hedgehog had unrolled itself, and was coming back to the beginning again?\' Alice ventured.',1,'2018-08-12 19:19:01','2004-05-20 21:54:30',1,118),(119,19,19,'Lory, with a sigh. \'I only took the hookah out of that is, but I THINK I can reach the key; and if I shall only look up in great disgust, and walked a little of her head pressing against the roof.',2,'2019-03-19 05:16:00','2004-01-07 16:48:38',1,119),(120,20,20,'I fancied that kind of sob, \'I\'ve tried the effect of lying down on one side, to look about her any more HERE.\' \'But then,\' thought Alice, \'it\'ll never do to ask: perhaps I shall have some fun now!\'.',3,'2003-08-16 07:41:30','1998-05-01 15:33:46',0,120),(121,21,21,'How I wonder who will put on his flappers, \'--Mystery, ancient and modern, with Seaography: then Drawling--the Drawling-master was an uncomfortably sharp chin. However, she got up, and there was.',1,'1971-05-19 05:16:43','2005-01-24 06:29:01',0,121),(122,22,22,'I fell off the subjects on his spectacles and looked into its nest. Alice crouched down among the people near the entrance of the game, the Queen left off, quite out of that is--\"Birds of a good.',2,'2010-01-31 20:41:08','2003-01-19 18:11:10',0,122),(123,23,23,'Alice, seriously, \'I\'ll have nothing more happened, she decided on going into the garden. Then she went to him,\' the Mock Turtle replied in a minute or two. \'They couldn\'t have done that?\' she.',3,'2015-04-06 19:34:50','1988-07-22 20:58:10',0,123),(124,24,24,'Duchess\'s cook. She carried the pepper-box in her pocket) till she had felt quite unhappy at the Queen, stamping on the back. However, it was only sobbing,\' she thought, and looked at the proposal..',1,'1984-08-18 18:20:05','2000-12-17 01:39:44',0,124),(125,25,25,'Mock Turtle replied in an offended tone, \'was, that the cause of this was not here before,\' said the Hatter. \'It isn\'t directed at all,\' said Alice: \'--where\'s the Duchess?\' \'Hush! Hush!\' said the.',2,'1998-05-04 07:56:51','2012-03-17 11:25:34',0,125),(126,26,26,'WOULD put their heads downward! The Antipathies, I think--\' (she was obliged to write this down on their slates, when the tide rises and sharks are around, His voice has a timid and tremulous.',3,'1978-07-31 10:36:32','1975-11-30 04:35:07',1,126),(127,27,27,'I eat\" is the driest thing I ever heard!\' \'Yes, I think I must sugar my hair.\" As a duck with its head, it WOULD twist itself round and swam slowly back again, and that\'s all the unjust things--\'.',1,'1970-08-16 06:20:44','1977-09-24 09:47:15',0,127),(128,28,28,'WAS no one could possibly hear you.\' And certainly there was nothing so VERY wide, but she stopped hastily, for the end of the house!\' (Which was very deep, or she should meet the real Mary Ann,.',2,'2012-11-04 20:41:00','2011-07-07 21:50:21',1,128),(129,29,29,'Alice went on, \'that they\'d let Dinah stop in the wood, \'is to grow up again! Let me see: I\'ll give them a railway station.) However, she soon made out that the cause of this rope--Will the roof of.',3,'1996-03-03 00:16:48','2021-01-09 02:11:08',1,129),(130,30,30,'Off--\' \'Nonsense!\' said Alice, a good deal: this fireplace is narrow, to be ashamed of yourself for asking such a fall as this, I shall have some fun now!\' thought Alice. \'I\'m a--I\'m a--\' \'Well!.',1,'2001-05-17 07:21:38','1988-09-20 13:18:11',0,130),(131,31,31,'Cheshire cat,\' said the Dodo. Then they both bowed low, and their curls got entangled together. Alice laughed so much surprised, that for two reasons. First, because I\'m on the door and found quite.',2,'1987-10-05 05:25:06','2011-12-03 06:01:15',1,131),(132,32,32,'I\'M a Duchess,\' she said to one of the bottle was a sound of a procession,\' thought she, \'what would become of me?\' Luckily for Alice, the little golden key was too dark to see what would be only.',3,'2008-10-04 20:59:19','1991-05-12 07:35:16',1,132),(133,33,33,'But her sister on the glass table and the procession moved on, three of the pack, she could guess, she was ever to get into that lovely garden. First, however, she again heard a little shriek and a.',1,'2018-03-09 21:29:37','1980-12-26 03:57:45',1,133),(134,34,34,'Shall I try the effect: the next question is, what did the Dormouse fell asleep instantly, and Alice heard it say to itself \'The Duchess! The Duchess! Oh my dear Dinah! I wonder if I fell off the.',2,'2016-06-15 13:36:30','1985-08-09 04:00:00',0,134),(135,35,35,'Mock Turtle interrupted, \'if you only kept on good terms with him, he\'d do almost anything you liked with the Queen,\' and she went on: \'But why did they live on?\' said the Mock Turtle, \'they--you\'ve.',3,'2006-01-19 01:49:25','2011-12-05 10:19:28',1,135),(136,36,36,'Her first idea was that she might as well as she couldn\'t answer either question, it didn\'t sound at all this time, as it happens; and if the Queen said to one of the jurors had a little pattering.',1,'1997-07-11 23:53:30','1985-08-13 20:37:28',1,136),(137,37,37,'Hatter: \'let\'s all move one place on.\' He moved on as he wore his crown over the fire, licking her paws and washing her face--and she is such a thing before, and behind them a new pair of white kid.',2,'1998-07-22 07:34:09','1990-10-15 09:12:43',1,137),(138,38,38,'Beautiful, beauti--FUL SOUP!\' \'Chorus again!\' cried the Mouse, who seemed too much frightened to say but \'It belongs to the other queer noises, would change (she knew) to the shore, and then said.',3,'1978-06-19 11:56:36','1991-09-09 09:27:33',0,138),(139,39,39,'Five! Don\'t go splashing paint over me like that!\' said Alice very meekly: \'I\'m growing.\' \'You\'ve no right to think,\' said Alice to herself, (not in a voice she had hurt the poor animal\'s feelings..',1,'1989-08-25 15:21:49','1986-10-07 22:33:17',0,139),(140,40,40,'White Rabbit returning, splendidly dressed, with a bound into the roof off.\' After a time she had nothing yet,\' Alice replied in a great hurry. \'You did!\' said the Caterpillar. \'Is that all?\' said.',2,'1974-11-14 15:50:26','1980-11-29 06:41:19',1,140),(141,41,41,'The Mouse gave a little door was shut again, and the executioner went off like an honest man.\' There was certainly not becoming. \'And that\'s the jury-box,\' thought Alice, as the hall was very deep,.',3,'2019-05-04 04:28:36','1994-07-19 15:32:57',0,141),(142,42,42,'I haven\'t had a little pattering of footsteps in the shade: however, the moment she appeared on the ground as she heard the Rabbit asked. \'No, I didn\'t,\' said Alice: \'she\'s so extremely--\' Just then.',1,'1996-10-03 17:51:11','1972-10-25 00:00:04',1,142),(143,43,43,'Do you think you\'re changed, do you?\' \'I\'m afraid I\'ve offended it again!\' For the Mouse was speaking, and this Alice would not join the dance. Would not, could not taste theirs, and the White.',2,'1982-07-17 23:36:51','1977-12-31 02:48:23',1,143),(144,44,44,'So you see, Alice had begun to repeat it, but her head down to look down and make THEIR eyes bright and eager with many a strange tale, perhaps even with the clock. For instance, if you hold it too.',3,'2020-11-12 16:24:18','1986-02-28 12:05:18',1,144),(145,45,45,'Let this be a great crowd assembled about them--all sorts of things, and she, oh! she knows such a subject! Our family always HATED cats: nasty, low, vulgar things! Don\'t let me help to undo it!\' \'I.',1,'2007-06-19 08:30:08','1985-03-14 21:25:57',0,145),(146,46,46,'ME,\' but nevertheless she uncorked it and put back into the garden door. Poor Alice! It was all about, and crept a little way forwards each time and a large crowd collected round it: there was room.',2,'1972-02-15 02:52:01','2009-03-04 07:59:23',0,146),(147,47,47,'WHAT? The other guests had taken his watch out of the crowd below, and there they lay sprawling about, reminding her very much to-night, I should think it would feel with all their simple sorrows,.',3,'1978-09-18 16:37:22','2020-12-26 00:42:07',1,147),(148,48,48,'They\'re dreadfully fond of pretending to be no chance of her head through the neighbouring pool--she could hear him sighing as if nothing had happened. \'How am I to get in?\' asked Alice again, for.',1,'1976-02-14 02:49:19','1970-06-23 18:20:20',0,148),(149,49,49,'Alice in a low, trembling voice. \'There\'s more evidence to come out among the leaves, which she found to be trampled under its feet, ran round the court and got behind him, and said anxiously to.',2,'1987-04-17 21:44:54','1980-08-28 04:22:01',0,149),(150,50,50,'Alice, \'I\'ve often seen a rabbit with either a waistcoat-pocket, or a serpent?\' \'It matters a good opportunity for making her escape; so she went on. \'Or would you like the Queen?\' said the King;.',3,'1995-08-22 23:18:24','1994-08-09 12:27:46',1,150),(151,51,51,'Lizard, Bill, was in livery: otherwise, judging by his garden.\"\' Alice did not look at them--\'I wish they\'d get the trial one way of settling all difficulties, great or small. \'Off with his head!\'.',1,'2001-06-25 20:42:50','1980-01-03 03:16:46',0,1),(152,52,52,'There was certainly too much pepper in that soup!\' Alice said to the other: the only difficulty was, that her neck from being broken. She hastily put down yet, before the officer could get to the.',2,'2012-03-30 22:47:06','1977-03-12 18:16:29',1,2),(153,53,53,'I shall never get to the Caterpillar, just as if she were looking over their heads. She felt very lonely and low-spirited. In a little timidly: \'but it\'s no use speaking to it,\' she said to herself.',3,'2020-09-12 08:17:42','1970-11-08 04:13:14',0,3),(154,54,54,'T!\' said the Caterpillar. Here was another puzzling question; and as for the rest of the deepest contempt. \'I\'ve seen a rabbit with either a waistcoat-pocket, or a serpent?\' \'It matters a good deal:.',1,'2005-02-21 15:21:21','1996-09-12 12:16:02',0,4),(155,55,55,'Beautiful, beautiful Soup! \'Beautiful Soup! Who cares for fish, Game, or any other dish? Who would not open any of them. However, on the trumpet, and called out \'The Queen! The Queen!\' and the.',2,'2015-05-23 20:54:28','1983-06-28 09:26:56',0,5),(156,56,56,'Mock Turtle, and said to the shore, and then raised himself upon tiptoe, put his mouth close to her: first, because the chimneys were shaped like ears and whiskers, how late it\'s getting!\' She was.',3,'1990-08-15 23:52:54','2015-07-08 21:49:00',1,6),(157,57,57,'But do cats eat bats, I wonder?\' As she said to itself \'The Duchess! The Duchess! Oh my fur and whiskers! She\'ll get me executed, as sure as ferrets are ferrets! Where CAN I have to go down the.',1,'1979-09-20 04:27:03','1997-07-31 08:33:48',0,7),(158,58,58,'Next came the royal children, and make out what it was: she was beginning to feel very sleepy and stupid), whether the blows hurt it or not. So she called softly after it, and talking over its head..',2,'1985-12-08 04:59:51','1988-04-01 13:47:23',0,8),(159,59,59,'Alice indignantly. \'Ah! then yours wasn\'t a really good school,\' said the Dormouse say?\' one of the party went back for a little timidly: \'but it\'s no use now,\' thought Alice, \'as all the party sat.',3,'1991-06-18 19:58:43','2007-04-21 11:01:50',1,9),(160,60,60,'Will you, won\'t you, will you join the dance? Will you, won\'t you, will you, won\'t you, will you join the dance? Will you, won\'t you, won\'t you, won\'t you join the dance?\"\' \'Thank you, sir, for your.',1,'1974-12-02 00:36:23','2020-04-01 14:51:03',1,10),(161,61,61,'Mock Turtle to sing \"Twinkle, twinkle, little bat! How I wonder who will put on one side, to look over their heads. She felt that this could not swim. He sent them word I had to fall upon Alice, as.',2,'2005-11-23 00:58:09','1982-09-27 04:08:01',0,11),(162,62,62,'Alice as he said do. Alice looked at the beginning,\' the King sharply. \'Do you mean by that?\' said the Duchess; \'and that\'s the jury-box,\' thought Alice, as she went out, but it makes me grow.',3,'2014-08-11 21:06:55','1982-08-28 21:18:13',0,12),(163,63,63,'March Hare went \'Sh! sh!\' and the little crocodile Improve his shining tail, And pour the waters of the baby, it was written to nobody, which isn\'t usual, you know.\' \'Who is this?\' She said this she.',1,'2015-06-02 17:57:52','1986-11-05 19:39:43',0,13),(164,64,64,'WOULD put their heads off?\' shouted the Queen. First came ten soldiers carrying clubs; these were ornamented all over with diamonds, and walked off; the Dormouse into the court, she said to herself..',2,'2001-03-23 17:44:36','2010-09-15 22:26:11',0,14),(165,65,65,'Has lasted the rest of the gloves, and she went on in a great deal of thought, and it sat for a few minutes that she was beginning to grow up again! Let me see: that would be very likely true.).',3,'1981-12-03 19:09:30','1997-04-18 03:49:09',0,15),(166,66,66,'Dinah, tell me the list of the song. \'What trial is it?\' Alice panted as she passed; it was very nearly getting up and straightening itself out again, and made another rush at Alice the moment he.',1,'2021-03-18 15:20:01','2021-04-05 19:42:56',1,16),(167,67,67,'Alice. \'Why, SHE,\' said the Queen, \'Really, my dear, YOU must cross-examine THIS witness.\' \'Well, if I chose,\' the Duchess to play croquet with the tea,\' the March Hare. \'Exactly so,\' said Alice. \'I.',2,'2009-03-12 21:56:23','1978-07-20 03:54:07',1,17),(168,68,68,'Pigeon; \'but if they do, why then they\'re a kind of serpent, that\'s all the time he was going on between the executioner, the King, who had not noticed before, and she went on to her daughter \'Ah,.',3,'1984-08-10 23:34:51','2010-01-30 17:04:07',1,18),(169,69,69,'Next came an angry voice--the Rabbit\'s--\'Pat! Pat! Where are you?\' said Alice, who felt ready to make ONE respectable person!\' Soon her eye fell upon a little of it?\' said the Dodo solemnly, rising.',1,'2008-05-26 21:50:43','1980-08-14 14:07:26',1,19),(170,70,70,'Queen, and Alice was not a moment that it felt quite strange at first; but she remembered that she began again: \'Ou est ma chatte?\' which was the White Rabbit put on one of them attempted to explain.',2,'1991-05-06 03:57:55','1995-12-13 08:14:13',0,20),(171,71,71,'TWO--\" why, that must be the best way to fly up into hers--she could hear the words:-- \'I speak severely to my right size: the next moment she appeared on the same size: to be seen--everything.',3,'2003-01-03 21:44:26','2011-12-25 11:17:41',1,21),(172,72,72,'There\'s no pleasing them!\' Alice was silent. The Dormouse again took a great hurry, muttering to himself in an encouraging opening for a baby: altogether Alice did not like to have him with them,\'.',1,'1999-08-21 09:05:23','1994-08-05 21:13:51',0,22),(173,73,73,'VERY nearly at the Queen, \'Really, my dear, and that is rather a hard word, I will just explain to you never had fits, my dear, YOU must cross-examine THIS witness.\' \'Well, if I chose,\' the Duchess.',2,'2015-11-15 06:26:27','2001-02-13 00:56:22',0,23),(174,74,74,'Alice. \'Well, I should think you might catch a bad cold if she were saying lessons, and began smoking again. This time there could be no doubt that it is!\' As she said to herself, and began smoking.',3,'2016-11-18 11:08:35','1990-04-06 21:22:08',0,24),(175,75,75,'Alice had got its head impatiently, and said, \'So you think I must have a trial: For really this morning I\'ve nothing to do.\" Said the mouse to the Mock Turtle. So she went back to the other end of.',1,'1973-09-03 17:59:20','1971-07-09 11:00:29',1,25),(176,76,76,'King, \'or I\'ll have you executed.\' The miserable Hatter dropped his teacup instead of the e--e--evening, Beautiful, beautiful Soup! \'Beautiful Soup! Who cares for you?\' said the Gryphon, the.',2,'1989-07-04 23:20:03','2006-09-25 15:12:48',1,26),(177,77,77,'It\'s enough to try the effect: the next verse,\' the Gryphon hastily. \'Go on with the tea,\' the March Hare moved into the sky all the right way of keeping up the fan and a great hurry. \'You did!\'.',3,'1984-06-20 16:49:09','1981-12-02 01:47:26',0,27),(178,78,78,'Hatter and the White Rabbit returning, splendidly dressed, with a T!\' said the Dodo. Then they all quarrel so dreadfully one can\'t hear oneself speak--and they don\'t give birthday presents like.',1,'2001-04-24 10:25:14','1985-01-02 02:04:29',1,28),(179,79,79,'Mouse was speaking, and this he handed over to the other players, and shouting \'Off with his tea spoon at the door-- Pray, what is the use of a tree. By the time they were gardeners, or soldiers, or.',2,'1976-11-06 03:20:10','1972-06-20 17:44:41',1,29),(180,80,80,'Mock Turtle went on. \'Would you tell me,\' said Alice, a good character, But said I didn\'t!\' interrupted Alice. \'You did,\' said the Caterpillar. Here was another puzzling question; and as the game.',3,'1983-04-26 22:18:24','1970-07-14 05:40:17',1,30),(181,81,81,'Caucus-race.\' \'What IS the fun?\' said Alice. \'I wonder how many hours a day is very confusing.\' \'It isn\'t,\' said the Mouse, sharply and very nearly getting up and down looking for eggs, I know I.',1,'2013-07-07 21:15:33','1997-05-17 11:49:07',1,31),(182,82,82,'I wish you could manage it?) \'And what are YOUR shoes done with?\' said the Gryphon, sighing in his throat,\' said the youth, \'one would hardly suppose That your eye was as steady as ever; Yet you.',2,'2020-07-10 16:54:28','1978-06-18 11:46:15',1,32),(183,83,83,'Fish-Footman was gone, and the bright flower-beds and the fan, and skurried away into the jury-box, and saw that, in her pocket, and was going a journey, I should think you\'ll feel it a bit, if you.',3,'1998-08-25 05:29:37','1975-09-03 16:37:26',1,33),(184,84,84,'Oh dear! I\'d nearly forgotten that I\'ve got to?\' (Alice had been to her, so she went down to look at them--\'I wish they\'d get the trial one way of escape, and wondering whether she could not help.',1,'1976-12-19 13:43:55','1992-06-20 11:46:49',1,34),(185,85,85,'Hatter, and he checked himself suddenly: the others took the thimble, saying \'We beg your acceptance of this rope--Will the roof bear?--Mind that loose slate--Oh, it\'s coming down! Heads below!\' (a.',2,'1973-01-23 00:54:51','2006-07-11 22:44:42',0,35),(186,86,86,'T!\' said the March Hare. \'He denies it,\' said the King, rubbing his hands; \'so now let the Dormouse sulkily remarked, \'If you please, sir--\' The Rabbit Sends in a melancholy air, and, after waiting.',3,'2017-01-19 10:09:58','2013-11-05 02:53:07',1,36),(187,87,87,'That he met in the other: the Duchess said after a minute or two, which gave the Pigeon in a bit.\' \'Perhaps it hasn\'t one,\' Alice ventured to ask. \'Suppose we change the subject. \'Go on with the day.',1,'1990-01-10 06:20:22','2014-12-12 20:43:11',1,37),(188,88,88,'I\'m certain! I must be Mabel after all, and I don\'t think,\' Alice went on talking: \'Dear, dear! How queer everything is to-day! And yesterday things went on eagerly: \'There is such a curious.',2,'1971-09-03 16:53:02','1999-03-07 15:07:52',1,38),(189,89,89,'Pigeon the opportunity of showing off a head could be no use going back to the Hatter. \'I deny it!\' said the King. On this the White Rabbit put on one of the court, \'Bring me the list of singers..',3,'1979-11-01 21:04:12','2002-04-24 07:29:14',1,39),(190,90,90,'Cat, and vanished. Alice was rather glad there WAS no one to listen to me! I\'LL soon make you grow shorter.\' \'One side will make you grow shorter.\' \'One side will make you grow shorter.\' \'One side.',1,'2004-05-24 02:17:38','2011-11-07 15:17:03',1,40),(191,91,91,'I should like to try the patience of an oyster!\' \'I wish you could keep it to half-past one as long as it went, as if a fish came to ME, and told me he was gone, and the beak-- Pray how did you do.',2,'2019-02-16 09:59:38','2016-03-15 02:26:11',0,41),(192,92,92,'There was certainly English. \'I don\'t think they play at all for any of them. However, on the hearth and grinning from ear to ear. \'Please would you tell me,\' said Alice, in a low, hurried tone. He.',3,'1970-06-03 02:51:08','2000-03-11 14:25:57',0,42),(193,93,93,'Duck and a large kitchen, which was a good deal frightened at the mushroom (she had kept a piece of rudeness was more hopeless than ever: she sat still just as well as the Dormouse indignantly..',1,'1987-02-26 18:37:01','1998-11-14 00:42:59',0,43),(194,94,94,'I can do without lobsters, you know. So you see, as well as she was surprised to find herself still in existence; \'and now for the garden!\' and she was now about two feet high, and her eyes to see.',2,'1996-01-28 09:08:52','1993-04-29 02:26:39',1,44),(195,95,95,'Alice, rather alarmed at the thought that she wasn\'t a bit afraid of it. Presently the Rabbit in a voice sometimes choked with sobs, to sing \"Twinkle, twinkle, little bat! How I wonder if I might.',3,'1985-11-05 17:58:07','1987-01-27 18:34:35',0,45),(196,96,96,'Trims his belt and his friends shared their never-ending meal, and the other side. The further off from England the nearer is to France-- Then turn not pale, beloved snail, but come and join the.',1,'1982-01-03 06:35:06','2012-12-16 16:33:51',0,46),(197,97,97,'Alice. \'Why, there they lay on the floor, and a piece of bread-and-butter in the flurry of the other side, the puppy began a series of short charges at the Lizard as she went on, without attending.',2,'1975-02-01 02:44:40','1995-04-09 21:10:29',0,47),(198,98,98,'Dormouse, and repeated her question. \'Why did they live on?\' said Alice, as she could do to hold it. As soon as there seemed to listen, the whole window!\' \'Sure, it does, yer honour: but it\'s an arm.',3,'1988-03-28 17:23:55','1980-10-01 19:20:10',0,48),(199,99,99,'Dodo said, \'EVERYBODY has won, and all dripping wet, cross, and uncomfortable. The moment Alice appeared, she was always ready to sink into the air, mixed up with the end of trials, \"There was some.',1,'2010-03-17 07:23:56','2005-07-25 16:29:15',1,49),(200,100,100,'Alice, and, after glaring at her feet, they seemed to Alice an excellent plan, no doubt, and very soon came to the end of trials, \"There was some attempts at applause, which was full of tears, but.',2,'1984-05-28 21:12:26','1978-01-20 08:23:05',0,50),(201,1,1,'Gryphon went on eagerly: \'There is such a fall as this, I shall remember it in time,\' said the Dormouse. \'Don\'t talk nonsense,\' said Alice doubtfully: \'it means--to--make--anything--prettier.\'.',3,'1985-06-01 16:28:59','1988-03-11 11:39:54',1,51),(202,2,2,'I think I could, if I only wish they COULD! I\'m sure _I_ shan\'t be beheaded!\' \'What for?\' said the Hatter, it woke up again with a sigh: \'he taught Laughing and Grief, they used to say anything..',1,'2010-04-25 10:20:17','1973-08-09 15:01:31',0,52),(203,3,3,'Alice did not like the three gardeners instantly threw themselves flat upon their faces, so that by the way the people that walk with their hands and feet, to make herself useful, and looking.',2,'2015-12-05 02:21:16','1992-12-31 15:46:36',1,53),(204,4,4,'It\'s the most curious thing I know. Silence all round, if you only kept on good terms with him, he\'d do almost anything you liked with the Queen, who was gently brushing away some dead leaves that.',3,'1987-11-22 03:00:54','2008-05-14 02:35:46',1,54),(205,5,5,'Alice hastily, afraid that she was now the right distance--but then I wonder if I can reach the key; and if the Queen added to one of the house!\' (Which was very deep, or she fell past it. \'Well!\'.',1,'2009-07-07 17:11:58','1995-05-06 04:39:42',1,55),(206,6,6,'CHORUS. (In which the words came very queer to ME.\' \'You!\' said the Lory. Alice replied very readily: \'but that\'s because it stays the same thing as \"I sleep when I was thinking I should like it.',2,'1990-06-30 09:48:44','2010-04-30 05:07:38',1,56),(207,7,7,'Wonderland of long ago: and how she was playing against herself, for this curious child was very like having a game of play with a shiver. \'I beg your acceptance of this rope--Will the roof of the.',3,'2008-11-17 18:37:05','1977-02-28 01:48:47',0,57),(208,8,8,'I THINK I can go back and see how he did with the Queen, \'Really, my dear, and that in about half no time! Take your choice!\' The Duchess took her choice, and was surprised to see it written up.',1,'2017-04-04 17:08:37','1989-07-10 22:23:31',0,58),(209,9,9,'Queen will hear you! You see, she came suddenly upon an open place, with a large canvas bag, which tied up at this corner--No, tie \'em together first--they don\'t reach half high enough yet--Oh!.',2,'1992-01-17 23:01:58','2010-04-19 14:21:42',1,59),(210,10,10,'After a while, finding that nothing more to be no use now,\' thought poor Alice, that she was in March.\' As she said to herself, \'after such a dreadful time.\' So Alice began to repeat it, but her.',3,'2012-10-06 21:38:31','2007-10-16 03:17:14',0,60),(211,11,11,'FIT--\" you never to lose YOUR temper!\' \'Hold your tongue!\' added the Gryphon, half to herself, \'I don\'t see any wine,\' she remarked. \'There isn\'t any,\' said the Mock Turtle: \'nine the next, and so.',1,'2019-12-11 19:29:59','2008-05-29 08:47:15',0,61),(212,12,12,'At last the Mouse, turning to Alice again. \'No, I didn\'t,\' said Alice: \'allow me to him: She gave me a good opportunity for repeating his remark, with variations. \'I shall do nothing of tumbling.',2,'2021-03-20 18:16:22','1987-11-25 06:47:34',1,62),(213,13,13,'Do you think you can find them.\' As she said to the beginning again?\' Alice ventured to remark. \'Tut, tut, child!\' said the Mock Turtle went on, \'if you only walk long enough.\' Alice felt that it.',3,'1996-09-12 09:31:38','1992-10-19 21:11:40',0,63),(214,14,14,'Why, I do so like that curious song about the same thing as \"I get what I used to it as a last resource, she put one arm out of THIS!\' (Sounds of more broken glass.) \'Now tell me, please, which way.',1,'2006-06-19 09:26:56','1976-04-11 06:50:29',0,64),(215,15,15,'Alice could speak again. In a little while, however, she again heard a little pattering of feet on the song, she kept on puzzling about it in a helpless sort of thing never happened, and now here I.',2,'2015-03-13 12:24:36','2017-12-11 10:13:31',1,65),(216,16,16,'Alice thought she had nibbled some more of the soldiers remaining behind to execute the unfortunate gardeners, who ran to Alice a good deal on where you want to go after that savage Queen: so she.',3,'1974-11-15 12:12:49','1989-06-13 08:34:20',1,66),(217,17,17,'Alice started to her that she might as well go back, and barking hoarsely all the way wherever she wanted to send the hedgehog a blow with its head, it WOULD twist itself round and look up in her.',1,'2016-06-05 20:28:43','2020-07-31 04:06:46',1,67),(218,18,18,'And so she helped herself to about two feet high, and she jumped up on to himself in an encouraging opening for a minute, nurse! But I\'ve got to the Mock Turtle. \'And how do you know what you like,\'.',2,'1974-01-24 08:26:27','1978-03-07 08:13:36',1,68),(219,19,19,'William\'s conduct at first she thought at first was in confusion, getting the Dormouse shall!\' they both cried. \'Wake up, Dormouse!\' And they pinched it on both sides at once. The Dormouse had.',3,'2007-09-19 15:31:47','1987-04-24 16:30:44',0,69),(220,20,20,'Let me see--how IS it to the garden with one eye; \'I seem to put the Lizard as she spoke--fancy CURTSEYING as you\'re falling through the doorway; \'and even if my head would go round and round goes.',1,'1984-07-24 12:19:14','1986-03-30 07:55:16',0,70),(221,21,21,'Hatter shook his head sadly. \'Do I look like it?\' he said, \'on and off, for days and days.\' \'But what did the archbishop find?\' The Mouse did not like the name: however, it only grinned when it.',2,'1972-11-29 08:55:07','2003-01-25 00:32:30',0,71),(222,22,22,'You gave us three or more; They all sat down at them, and the moon, and memory, and muchness--you know you say pig, or fig?\' said the King. The White Rabbit as he fumbled over the edge of the sort..',3,'1990-09-22 17:38:35','1985-07-05 11:50:46',1,72),(223,23,23,'Dormouse, not choosing to notice this question, but hurriedly went on, \'and most of \'em do.\' \'I don\'t see,\' said the Gryphon went on. \'Would you tell me, please, which way you go,\' said the Duchess,.',1,'2012-08-03 15:59:46','1973-11-30 12:57:42',1,73),(224,24,24,'I don\'t want YOU with us!\"\' \'They were learning to draw,\' the Dormouse go on in a tone of the jurors had a bone in his sleep, \'that \"I breathe when I was going to be, from one end of the court was a.',2,'1998-11-12 03:55:44','1985-11-12 09:25:49',1,74),(225,25,25,'Alice, swallowing down her anger as well to say than his first remark, \'It was the BEST butter,\' the March Hare. \'I didn\'t know how to begin.\' For, you see, Alice had got its neck nicely.',3,'1975-03-12 03:36:00','1996-07-28 14:41:21',0,75),(226,26,26,'Mock Turtle. \'She can\'t explain MYSELF, I\'m afraid, but you might catch a bat, and that\'s very like a writing-desk?\' \'Come, we shall have to go among mad people,\' Alice remarked. \'Right, as usual,\'.',1,'1994-08-19 15:11:58','1970-01-01 21:25:22',0,76),(227,27,27,'This of course, Alice could only hear whispers now and then; such as, \'Sure, I don\'t care which happens!\' She ate a little before she came upon a heap of sticks and dry leaves, and the small ones.',2,'1985-06-26 12:46:25','2020-01-31 13:55:56',0,77),(228,28,28,'I am now? That\'ll be a queer thing, to be in Bill\'s place for a rabbit! I suppose I ought to have it explained,\' said the Footman. \'That\'s the reason is--\' here the Mock Turtle yet?\' \'No,\' said the.',3,'2002-12-17 17:20:51','1989-10-19 01:49:13',1,78),(229,29,29,'Alice put down yet, before the end of every line: \'Speak roughly to your places!\' shouted the Queen. \'Their heads are gone, if it had gone. \'Well! I\'ve often seen them at dinn--\' she checked herself.',1,'1987-02-07 03:12:48','1989-05-21 18:39:04',1,79),(230,30,30,'Alice, \'or perhaps they won\'t walk the way wherever she wanted to send the hedgehog a blow with its head, it WOULD twist itself round and get ready for your walk!\" \"Coming in a natural way. \'I.',2,'1994-08-15 23:10:22','1982-09-11 17:00:19',0,80),(231,31,31,'Dodo in an offended tone, \'so I can\'t see you?\' She was a good deal frightened by this time, and was a general chorus of \'There goes Bill!\' then the Rabbit\'s voice; and the poor animal\'s feelings..',3,'2004-11-18 07:27:08','1989-08-25 07:26:28',0,81),(232,32,32,'Alice could see, when she was now about a whiting to a shriek, \'and just as the question was evidently meant for her. \'I wish the creatures wouldn\'t be so proud as all that.\' \'With extras?\' asked.',1,'2019-01-17 19:01:36','2008-10-16 12:27:17',1,82),(233,33,33,'I do it again and again.\' \'You are not the right way to fly up into the garden. Then she went slowly after it: \'I never went to the table to measure herself by it, and talking over its head. \'Very.',2,'2010-05-16 10:14:45','1992-06-21 13:30:55',0,83),(234,34,34,'Alice, who felt very lonely and low-spirited. In a little startled when she noticed that they would go, and broke off a bit hurt, and she had wept when she had asked it aloud; and in a very curious.',3,'2009-11-02 03:22:32','2008-07-21 18:54:29',1,84),(235,35,35,'White Rabbit, trotting slowly back to the cur, \"Such a trial, dear Sir, With no jury or judge, would be quite as safe to stay in here any longer!\' She waited for a baby: altogether Alice did not get.',1,'2012-05-21 03:49:11','2003-02-02 08:40:58',1,85),(236,36,36,'The baby grunted again, and put it to speak good English); \'now I\'m opening out like the look of the same thing a bit!\' said the Mock Turtle had just begun to think that proved it at all. However,.',2,'1973-01-10 15:22:37','1976-05-20 15:59:45',0,86),(237,37,37,'I to do?\' said Alice. \'Exactly so,\' said the youth, \'and your jaws are too weak For anything tougher than suet; Yet you finished the guinea-pigs!\' thought Alice. \'I\'ve so often read in the direction.',3,'1979-10-30 04:32:00','2009-08-23 12:16:03',0,87),(238,38,38,'I think that proved it at last, they must needs come wriggling down from the sky! Ugh, Serpent!\' \'But I\'m NOT a serpent!\' said Alice hastily; \'but I\'m not particular as to bring tears into her eyes;.',1,'1996-03-05 02:41:12','1978-10-07 07:54:38',0,88),(239,39,39,'PROVES his guilt,\' said the Caterpillar. \'Not QUITE right, I\'m afraid,\' said Alice, timidly; \'some of the jurors had a door leading right into a small passage, not much surprised at this, but at the.',2,'1991-02-04 05:27:31','1986-01-27 21:49:54',0,89),(240,40,40,'YET,\' she said to the whiting,\' said the Hatter were having tea at it: a Dormouse was sitting on a branch of a book,\' thought Alice \'without pictures or conversations?\' So she set to work throwing.',3,'1995-04-04 00:35:35','2006-07-10 01:17:04',0,90),(241,41,41,'While the Duchess and the little creature down, and nobody spoke for some time without hearing anything more: at last in the direction it pointed to, without trying to make out at the other queer.',1,'1984-03-10 15:44:27','1986-05-18 03:05:00',0,91),(242,42,42,'In a minute or two to think that there was hardly room for her. \'I can hardly breathe.\' \'I can\'t help it,\' said Alice indignantly, and she sat on, with closed eyes, and feebly stretching out one.',2,'2004-04-17 15:38:59','1975-06-04 22:46:23',1,92),(243,43,43,'So she swallowed one of them at last, more calmly, though still sobbing a little startled by seeing the Cheshire Cat, she was near enough to look down and cried. \'Come, there\'s no name signed at the.',3,'2016-09-09 11:15:17','1995-05-29 13:03:55',1,93),(244,44,44,'And she opened it, and found herself lying on their faces, so that her shoulders were nowhere to be said. At last the Gryphon went on talking: \'Dear, dear! How queer everything is queer to-day.\'.',1,'1994-07-12 01:13:37','1994-01-13 10:24:47',1,94),(245,45,45,'I\'ll get into her head. Still she went on growing, and she was ready to ask any more questions about it, you know.\' It was, no doubt: only Alice did not see anything that looked like the tone of.',2,'2005-02-12 14:36:25','1978-03-08 05:11:39',0,95),(246,46,46,'But do cats eat bats? Do cats eat bats?\' and sometimes, \'Do bats eat cats?\' for, you see, as well she might, what a Mock Turtle yawned and shut his note-book hastily. \'Consider your verdict,\' the.',3,'2015-08-17 03:41:53','1980-10-28 12:03:33',0,96),(247,47,47,'I want to stay in here any longer!\' She waited for some minutes. The Caterpillar and Alice was thoroughly puzzled. \'Does the boots and shoes!\' she repeated in a languid, sleepy voice. \'Who are YOU?\'.',1,'1985-12-19 10:08:52','2020-10-18 18:05:58',0,97),(248,48,48,'And the moral of that is--\"Be what you mean,\' said Alice. \'Why, you don\'t even know what you mean,\' said Alice. \'Why, SHE,\' said the Gryphon. \'It\'s all her coaxing. Hardly knowing what she was.',2,'1990-05-21 00:45:01','1997-06-01 17:09:59',0,98),(249,49,49,'The pepper when he sneezes: He only does it matter to me whether you\'re nervous or not.\' \'I\'m a poor man,\' the Hatter went on without attending to her, still it was quite surprised to find that she.',3,'2012-04-23 19:01:30','2009-10-26 02:22:27',0,99),(250,50,50,'Because he knows it teases.\' CHORUS. (In which the wretched Hatter trembled so, that Alice quite hungry to look through into the sky all the unjust things--\' when his eye chanced to fall upon Alice,.',1,'1988-09-30 03:15:37','1996-05-24 13:51:24',1,100),(251,51,51,'AT ALL. Soup does very well to say \"HOW DOTH THE LITTLE BUSY BEE,\" but it said nothing. \'Perhaps it hasn\'t one,\' Alice ventured to taste it, and talking over its head. \'Very uncomfortable for the.',2,'1989-11-22 12:48:33','2019-09-19 21:04:30',0,101),(252,52,52,'Caterpillar. Alice said nothing; she had not attended to this mouse? Everything is so out-of-the-way down here, that I should like it put the Lizard in head downwards, and the Queen, who was a.',3,'1990-09-13 04:24:49','2012-11-20 12:31:24',1,102),(253,53,53,'Dormouse, after thinking a minute or two, they began moving about again, and we won\'t talk about wasting IT. It\'s HIM.\' \'I don\'t even know what you like,\' said the Mock Turtle sighed deeply, and.',1,'2013-09-26 00:48:48','1971-10-31 10:29:45',1,103),(254,54,54,'Queen, and Alice, were in custody and under sentence of execution.\' \'What for?\' said Alice. \'Did you speak?\' \'Not I!\' he replied. \'We quarrelled last March--just before HE went mad, you know--\'.',2,'1983-10-08 15:34:50','1990-03-09 22:50:47',1,104),(255,55,55,'Seven flung down his face, as long as I used--and I don\'t like them raw.\' \'Well, be off, and that makes them sour--and camomile that makes people hot-tempered,\' she went on, half to itself, \'Oh.',3,'2011-10-10 07:43:19','1975-08-25 08:56:31',1,105),(256,56,56,'Gryphon, and the poor little juror (it was exactly the right height to rest her chin in salt water. Her first idea was that it ought to speak, but for a dunce? Go on!\' \'I\'m a poor man,\' the Hatter.',1,'1999-09-21 22:29:53','2015-01-04 18:26:57',1,106),(257,57,57,'I\'ll look first,\' she said, \'and see whether it\'s marked \"poison\" or not\'; for she was up to Alice, that she had got its head impatiently, and walked off; the Dormouse say?\' one of them hit her in.',2,'1996-09-01 10:25:52','2000-02-18 01:37:40',0,107),(258,58,58,'Edwin and Morcar, the earls of Mercia and Northumbria, declared for him: and even Stigand, the patriotic archbishop of Canterbury, found it advisable--\"\' \'Found WHAT?\' said the Duchess, digging her.',3,'1996-05-27 11:30:01','2003-05-13 16:33:05',0,108),(259,59,59,'Go on!\' \'I\'m a poor man,\' the Hatter and the sounds will take care of the sea.\' \'I couldn\'t afford to learn it.\' said the Gryphon. \'--you advance twice--\' \'Each with a sigh: \'he taught Laughing and.',1,'2004-01-29 08:42:33','1988-03-07 15:28:45',0,109),(260,60,60,'Caterpillar. \'Well, perhaps your feelings may be different,\' said Alice; not that she had nothing yet,\' Alice replied very politely, \'for I can\'t get out at all comfortable, and it said nothing..',2,'1981-10-30 23:45:31','1974-10-11 19:01:34',1,110),(261,61,61,'By the time when she went on, spreading out the verses on his flappers, \'--Mystery, ancient and modern, with Seaography: then Drawling--the Drawling-master was an old Crab took the hookah out of.',3,'2000-04-09 23:52:25','2009-01-22 08:53:01',1,111),(262,62,62,'Alice, quite forgetting that she was a general chorus of voices asked. \'Why, SHE, of course,\' said the Duchess, as she fell very slowly, for she was losing her temper. \'Are you content now?\' said.',1,'2005-05-03 01:28:27','2001-05-18 01:41:49',1,112),(263,63,63,'By the time she saw them, they were getting so used to it!\' pleaded poor Alice. \'But you\'re so easily offended!\' \'You\'ll get used to call him Tortoise--\' \'Why did you ever saw. How she longed to get.',2,'1986-07-19 11:37:56','1984-09-28 00:24:11',0,113),(264,64,64,'I can\'t tell you my history, and you\'ll understand why it is you hate--C and D,\' she added in a thick wood. \'The first thing she heard her sentence three of the lefthand bit of the country is, you.',3,'1972-04-18 02:32:29','1975-06-05 09:23:50',1,114),(265,65,65,'Dormouse! Turn that Dormouse out of their wits!\' So she went on, very much of it in her own mind (as well as pigs, and was immediately suppressed by the hand, it hurried off, without waiting for.',1,'2002-06-15 23:56:06','1990-08-07 12:21:37',0,115),(266,66,66,'EVER happen in a great interest in questions of eating and drinking. \'They lived on treacle,\' said the King. \'When did you begin?\' The Hatter looked at them with the tarts, you know--\' She had.',2,'1982-11-19 04:38:14','2013-06-20 16:54:59',1,116),(267,67,67,'While she was always ready to ask help of any use, now,\' thought poor Alice, and she felt sure it would be very likely it can talk: at any rate it would like the Queen?\' said the Duchess; \'I never.',3,'1995-12-26 03:33:47','2019-10-13 20:37:12',1,117),(268,68,68,'She got up and walking away. \'You insult me by talking such nonsense!\' \'I didn\'t know it was all about, and shouting \'Off with their heads!\' and the Queen to-day?\' \'I should like to be no use now,\'.',1,'2010-01-08 12:46:52','1991-10-19 17:14:44',1,118),(269,69,69,'March Hare said to the part about her any more if you\'d like it put the hookah out of the month, and doesn\'t tell what o\'clock it is!\' As she said this, she came in sight of the accident, all except.',2,'2010-12-18 12:12:54','1985-10-06 16:03:36',1,119),(270,70,70,'Lory, with a trumpet in one hand, and made a dreadfully ugly child: but it all seemed quite dull and stupid for life to go nearer till she too began dreaming after a pause: \'the reason is, that.',3,'2003-03-13 17:09:16','1983-09-29 21:18:09',0,120),(271,71,71,'When the sands are all dry, he is gay as a last resource, she put one arm out of a feather flock together.\"\' \'Only mustard isn\'t a bird,\' Alice remarked. \'Oh, you can\'t take more.\' \'You mean you.',1,'2002-08-10 23:29:06','1977-09-14 20:00:23',0,121),(272,72,72,'Queen to play croquet with the lobsters, out to her full size by this time.) \'You\'re nothing but a pack of cards, after all. I needn\'t be afraid of them!\' \'And who are THESE?\' said the Dormouse, and.',2,'2007-09-09 05:21:59','1997-03-06 19:31:04',0,122),(273,73,73,'That\'s all.\' \'Thank you,\' said the Mouse was speaking, and this Alice would not give all else for two reasons. First, because I\'m on the bank--the birds with draggled feathers, the animals with.',3,'2000-09-24 21:52:27','1999-06-20 19:44:29',0,123),(274,74,74,'The March Hare said to the waving of the earth. At last the Mouse, who seemed too much frightened that she still held the pieces of mushroom in her haste, she had this fit) An obstacle that came.',1,'1984-08-16 13:59:05','1978-12-14 17:09:51',0,124),(275,75,75,'Alice thought this must ever be A secret, kept from all the while, till at last in the middle, nursing a baby; the cook tulip-roots instead of the sort,\' said the Hatter. \'I told you butter wouldn\'t.',2,'2000-03-09 04:03:01','1975-12-28 18:39:02',1,125),(276,76,76,'The Fish-Footman began by producing from under his arm a great hurry; \'and their names were Elsie, Lacie, and Tillie; and they sat down, and was in the sea!\' cried the Mock Turtle, and said \'That\'s.',3,'1972-07-27 05:05:34','2014-09-15 20:47:26',1,126),(277,77,77,'Wonderland, though she knew the right way of escape, and wondering what to do, so Alice went on, very much what would be a great hurry; \'this paper has just been picked up.\' \'What\'s in it?\' said the.',1,'1994-01-14 06:17:11','2002-09-11 04:14:43',0,127),(278,78,78,'You\'re mad.\' \'How do you know about it, so she went on eagerly: \'There is such a wretched height to rest her chin in salt water. Her first idea was that you had been of late much accustomed to.',2,'1976-03-22 12:46:44','1996-08-23 05:31:31',1,128),(279,79,79,'Alice thought she might as well say,\' added the Gryphon; and then said \'The fourth.\' \'Two days wrong!\' sighed the Lory, with a great deal to ME,\' said Alice to herself. \'Of the mushroom,\' said the.',3,'1992-08-15 19:18:06','1975-07-29 22:30:54',1,129),(280,80,80,'Hatter: \'let\'s all move one place on.\' He moved on as he spoke, and the Gryphon at the bottom of a bottle. They all sat down a jar from one of them with the strange creatures of her age knew the.',1,'2007-09-11 22:37:24','1981-06-02 21:03:20',1,130),(281,81,81,'I should understand that better,\' Alice said to the Knave of Hearts, he stole those tarts, And took them quite away!\' \'Consider your verdict,\' he said to the Dormouse, after thinking a minute or two.',2,'2018-04-20 17:32:16','1990-06-04 01:05:27',1,131),(282,82,82,'Alice thought the poor little juror (it was exactly three inches high). \'But I\'m NOT a serpent!\' said Alice in a great many teeth, so she went on all the players, except the King, \'or I\'ll have you.',3,'2018-12-31 04:36:37','2011-05-28 19:35:42',1,132),(283,83,83,'Pat, what\'s that in the house, and the March Hare. \'I didn\'t mean it!\' pleaded poor Alice began to repeat it, but her voice sounded hoarse and strange, and the executioner myself,\' said the Mock.',1,'1983-01-24 07:47:21','1973-12-25 18:46:20',0,133),(284,84,84,'How puzzling all these changes are! I\'m never sure what I\'m going to begin with; and being ordered about by mice and rabbits. I almost wish I\'d gone to see what would be quite as much as she could,.',2,'1980-07-17 01:25:39','1987-10-21 03:29:43',0,134),(285,85,85,'Alice had been anything near the King repeated angrily, \'or I\'ll have you got in as well,\' the Hatter with a soldier on each side to guard him; and near the house if it began ordering people about.',3,'1987-06-16 02:33:31','2004-02-20 20:56:08',0,135),(286,86,86,'King and Queen of Hearts, who only bowed and smiled in reply. \'Idiot!\' said the Cat. \'I said pig,\' replied Alice; \'and I do it again and again.\' \'You are old,\' said the Mouse, who seemed too much of.',1,'1995-02-15 08:24:33','1981-07-10 21:52:32',1,136),(287,87,87,'Gryphon. \'They can\'t have anything to put it into his cup of tea, and looked at it, busily painting them red. Alice thought she had this fit) An obstacle that came between Him, and ourselves, and.',2,'1990-01-23 19:50:59','2018-05-04 10:48:36',1,137),(288,88,88,'MARMALADE\', but to open it; but, as the Caterpillar sternly. \'Explain yourself!\' \'I can\'t help it,\' said the Mock Turtle, capering wildly about. \'Change lobsters again!\' yelled the Gryphon as if a.',3,'2003-11-28 17:25:13','2018-04-15 01:48:40',0,138),(289,89,89,'The Duchess took no notice of her favourite word \'moral,\' and the beak-- Pray how did you do either!\' And the Gryphon at the March Hare. Visit either you like: they\'re both mad.\' \'But I don\'t.',1,'1977-11-28 15:05:13','2008-07-25 08:21:01',1,139),(290,90,90,'Alice; not that she had read several nice little dog near our house I should have croqueted the Queen\'s shrill cries to the executioner: \'fetch her here.\' And the moral of that is--\"Oh, \'tis love,.',2,'1989-08-25 23:34:18','2008-10-19 12:32:32',0,140),(291,91,91,'I don\'t remember where.\' \'Well, it must make me grow large again, for really I\'m quite tired of swimming about here, O Mouse!\' (Alice thought this must ever be A secret, kept from all the things I.',3,'2012-11-27 01:43:46','2010-12-05 08:03:24',1,141),(292,92,92,'And beat him when he sneezes; For he can EVEN finish, if he were trying to find that the pebbles were all locked; and when she next peeped out the proper way of nursing it, (which was to find that.',1,'2004-08-07 20:22:48','2009-05-16 17:25:07',0,142),(293,93,93,'I can\'t get out at all like the tone of great surprise. \'Of course it is,\' said the King, going up to the jury. They were just beginning to think that there was no time to be Number One,\' said.',2,'1982-03-01 12:24:41','2020-07-05 17:55:22',0,143),(294,94,94,'Alice sharply, for she felt very curious to know when the Rabbit angrily. \'Here! Come and help me out of a well--\' \'What did they live at the Duchess was VERY ugly; and secondly, because they\'re.',3,'2006-03-24 12:43:22','2009-09-19 15:06:40',1,144),(295,95,95,'Gryphon whispered in reply, \'for fear they should forget them before the trial\'s over!\' thought Alice. One of the cakes, and was beating her violently with its wings. \'Serpent!\' screamed the Pigeon..',1,'2009-09-06 09:46:43','1983-08-28 15:05:04',1,145),(296,96,96,'There was a dispute going on rather better now,\' she added aloud. \'Do you take me for a little bottle on it, (\'which certainly was not much surprised at her hands, wondering if anything would EVER.',2,'1976-03-12 12:07:46','2004-07-04 14:43:30',0,146),(297,97,97,'I begin, please your Majesty,\' he began. \'You\'re a very long silence, broken only by an occasional exclamation of \'Hjckrrh!\' from the trees had a consultation about this, and she had peeped into the.',3,'2008-01-24 09:12:09','2006-10-07 02:28:18',1,147),(298,98,98,'White Rabbit; \'in fact, there\'s nothing written on the same solemn tone, \'For the Duchess. \'Everything\'s got a moral, if only you can find them.\' As she said this, she was small enough to try the.',1,'1994-06-27 19:17:02','2014-07-02 12:36:47',1,148),(299,99,99,'As soon as the Rabbit, and had no very clear notion how long ago anything had happened.) So she stood still where she was, and waited. When the procession came opposite to Alice, very earnestly..',2,'1989-04-23 09:50:07','1979-04-06 12:04:34',1,149),(300,100,100,'Hatter with a lobster as a cushion, resting their elbows on it, (\'which certainly was not quite like the look of it at all,\' said Alice: \'allow me to him: She gave me a pair of the lefthand bit of.',3,'1986-04-09 07:20:10','2007-09-17 08:00:45',0,150);
/*!40000 ALTER TABLE `messages` ENABLE KEYS */;
UNLOCK TABLES;

--
-- Table structure for table `post_comments_reactions`
--

DROP TABLE IF EXISTS `post_comments_reactions`;
/*!40101 SET @saved_cs_client     = @@character_set_client */;
/*!50503 SET character_set_client = utf8mb4 */;
CREATE TABLE `post_comments_reactions` (
  `id` int unsigned NOT NULL AUTO_INCREMENT COMMENT 'Идентификатор строки',
  `post_comment_id` int unsigned NOT NULL COMMENT 'Ссылка на комментарий',
  `reaction_type_id` int unsigned NOT NULL COMMENT 'Ссылка на тип реакции',
  `from_user_id` int unsigned NOT NULL COMMENT 'Ссылка на отправителя реакции',
  `created_at` datetime DEFAULT CURRENT_TIMESTAMP COMMENT 'Время создания строки',
  `updated_at` datetime DEFAULT CURRENT_TIMESTAMP ON UPDATE CURRENT_TIMESTAMP COMMENT 'Время обновления строки',
  PRIMARY KEY (`id`),
  KEY `fk_post_comment_reaction_id` (`post_comment_id`),
  KEY `fk_post_comment_reaction_type_id` (`reaction_type_id`),
  KEY `fk_post_comment_reaction_user` (`from_user_id`),
  CONSTRAINT `fk_post_comment_reaction_id` FOREIGN KEY (`post_comment_id`) REFERENCES `posts_comments` (`id`),
  CONSTRAINT `fk_post_comment_reaction_type_id` FOREIGN KEY (`reaction_type_id`) REFERENCES `reaction_types` (`id`),
  CONSTRAINT `fk_post_comment_reaction_user` FOREIGN KEY (`from_user_id`) REFERENCES `users` (`id`)
) ENGINE=InnoDB AUTO_INCREMENT=101 DEFAULT CHARSET=utf8mb4 COLLATE=utf8mb4_0900_ai_ci COMMENT='Таблица для хранения реакций на комментарии к постам';
/*!40101 SET character_set_client = @saved_cs_client */;

--
-- Dumping data for table `post_comments_reactions`
--

LOCK TABLES `post_comments_reactions` WRITE;
/*!40000 ALTER TABLE `post_comments_reactions` DISABLE KEYS */;
INSERT INTO `post_comments_reactions` VALUES (1,1,1,1,'1976-03-15 05:07:25','2019-04-16 03:44:43'),(2,2,2,2,'1982-07-04 15:45:27','1997-10-31 14:10:42'),(3,3,1,3,'1986-10-11 11:48:09','1974-12-11 14:47:53'),(4,4,2,4,'1979-12-11 21:58:00','2017-12-09 03:06:50'),(5,5,1,5,'2011-05-04 07:30:58','1989-08-05 08:49:11'),(6,6,2,6,'2013-04-20 20:39:57','2013-05-14 17:36:13'),(7,7,1,7,'1985-01-28 12:11:53','2008-04-15 00:26:00'),(8,8,2,8,'1976-07-10 17:03:38','2002-12-09 07:54:16'),(9,9,1,9,'1972-11-07 07:26:40','2011-09-05 05:37:42'),(10,10,2,10,'1972-11-22 06:35:58','1988-08-09 01:50:19'),(11,11,1,11,'2000-04-07 01:00:52','2000-06-30 14:08:20'),(12,12,2,12,'1971-09-20 09:18:24','1997-12-16 13:08:19'),(13,13,1,13,'2010-10-05 12:31:48','1994-05-24 00:47:05'),(14,14,2,14,'1982-11-08 17:06:50','2019-08-30 02:35:42'),(15,15,1,15,'1993-07-08 15:20:12','2011-01-30 18:38:51'),(16,16,2,16,'1984-03-05 07:57:27','2015-02-11 20:10:30'),(17,17,1,17,'1992-06-01 13:28:07','2013-07-19 18:53:36'),(18,18,2,18,'1976-01-26 07:40:23','2007-07-16 05:22:15'),(19,19,1,19,'2010-04-06 13:26:46','2001-05-07 13:49:06'),(20,20,2,20,'1972-04-22 16:18:13','2006-01-23 15:56:52'),(21,21,1,21,'2004-11-25 22:16:24','2021-03-12 07:16:30'),(22,22,2,22,'1970-09-24 03:29:17','1980-03-11 13:49:13'),(23,23,1,23,'1977-08-14 12:26:22','1994-09-10 17:56:02'),(24,24,2,24,'2003-04-15 01:46:32','2008-08-28 04:25:25'),(25,25,1,25,'1970-12-28 07:37:01','1985-12-24 06:25:10'),(26,26,2,26,'2006-05-29 02:32:29','1991-04-01 02:04:44'),(27,27,1,27,'1970-10-25 02:20:41','1975-06-17 16:22:59'),(28,28,2,28,'1994-09-08 12:20:47','1984-10-22 09:15:18'),(29,29,1,29,'1991-01-23 07:44:46','1976-07-22 05:15:41'),(30,30,2,30,'1992-05-15 02:28:06','2019-11-14 23:09:47'),(31,31,1,31,'2008-03-23 01:14:58','2008-07-10 02:01:40'),(32,32,2,32,'1997-11-17 12:59:40','2004-12-17 17:57:38'),(33,33,1,33,'1995-05-12 05:07:47','1990-04-03 06:16:24'),(34,34,2,34,'1976-06-12 12:21:23','1981-04-13 08:50:02'),(35,35,1,35,'2015-06-20 12:49:41','2000-09-04 04:46:29'),(36,36,2,36,'1992-03-17 05:54:58','2017-01-14 01:48:44'),(37,37,1,37,'1979-02-07 08:13:38','1981-04-07 09:50:52'),(38,38,2,38,'1974-11-29 05:08:57','1989-11-22 20:06:26'),(39,39,1,39,'1980-01-01 12:55:29','1978-08-16 01:30:52'),(40,40,2,40,'1972-03-10 15:00:14','1981-03-25 15:52:00'),(41,41,1,41,'1993-10-29 13:02:54','1993-07-24 16:13:35'),(42,42,2,42,'1970-12-23 00:54:52','1978-03-06 11:40:46'),(43,43,1,43,'1992-08-16 00:25:34','1980-11-09 20:53:56'),(44,44,2,44,'1987-02-25 20:57:20','2009-06-01 20:18:18'),(45,45,1,45,'1973-03-31 00:37:46','1989-09-11 09:07:18'),(46,46,2,46,'2003-04-20 07:49:48','1985-06-02 09:30:50'),(47,47,1,47,'2005-06-12 01:14:00','1985-10-07 04:04:29'),(48,48,2,48,'1970-06-09 17:48:54','1997-09-26 04:39:27'),(49,49,1,49,'1976-10-10 21:36:24','2018-09-30 04:25:45'),(50,50,2,50,'2010-08-26 03:47:40','2016-08-21 06:32:12'),(51,51,1,51,'1977-01-24 13:56:42','1984-08-19 21:57:06'),(52,52,2,52,'2007-04-20 21:52:44','1974-04-15 12:12:43'),(53,53,1,53,'1970-01-11 12:57:13','1979-11-22 09:15:59'),(54,54,2,54,'1974-10-06 03:18:29','1973-07-09 06:30:39'),(55,55,1,55,'2020-08-12 19:00:17','2003-01-11 08:44:23'),(56,56,2,56,'2004-02-22 21:53:06','2016-01-29 16:57:39'),(57,57,1,57,'1998-02-28 16:36:41','1976-04-25 17:10:02'),(58,58,2,58,'2008-08-24 21:10:13','2008-02-13 20:06:09'),(59,59,1,59,'2010-10-05 08:34:24','2014-08-06 23:26:25'),(60,60,2,60,'2013-10-17 19:02:57','1988-03-04 06:47:14'),(61,61,1,61,'2020-09-07 21:12:22','2014-03-04 12:30:47'),(62,62,2,62,'2003-07-06 06:37:37','2000-02-12 05:38:57'),(63,63,1,63,'1998-05-12 19:03:51','1988-09-18 17:38:08'),(64,64,2,64,'2013-04-13 22:16:13','2004-08-24 09:10:18'),(65,65,1,65,'1991-04-15 11:24:37','1976-08-15 04:43:18'),(66,66,2,66,'2017-10-15 14:33:32','2002-03-03 15:31:05'),(67,67,1,67,'1987-05-20 19:22:20','1998-06-01 12:22:03'),(68,68,2,68,'2011-10-12 20:55:13','2012-01-31 06:08:28'),(69,69,1,69,'1990-08-17 08:19:12','1974-04-18 22:26:51'),(70,70,2,70,'2008-03-29 08:05:10','1998-01-18 13:39:49'),(71,71,1,71,'2010-11-13 09:00:53','2017-11-30 09:22:00'),(72,72,2,72,'1995-05-10 01:07:02','2016-01-05 17:07:36'),(73,73,1,73,'2004-06-07 02:46:38','1996-03-30 11:13:57'),(74,74,2,74,'1974-11-18 02:59:58','1994-04-13 17:08:41'),(75,75,1,75,'2014-08-10 07:42:25','2003-07-21 19:55:14'),(76,76,2,76,'1996-10-23 03:27:16','1987-02-12 00:13:32'),(77,77,1,77,'1994-02-23 17:25:32','2006-02-02 20:51:32'),(78,78,2,78,'2018-10-02 20:40:20','2016-07-29 11:34:08'),(79,79,1,79,'2008-08-11 18:01:48','2004-11-17 16:21:10'),(80,80,2,80,'2010-09-07 04:36:40','1980-06-04 11:51:21'),(81,81,1,81,'2007-08-29 15:20:26','2013-06-15 09:37:57'),(82,82,2,82,'2010-06-11 22:47:37','1993-09-30 18:05:35'),(83,83,1,83,'2004-08-08 10:44:49','2014-06-28 20:49:53'),(84,84,2,84,'2002-12-21 13:30:20','2001-07-22 08:17:13'),(85,85,1,85,'2018-05-08 12:58:04','1997-07-03 22:21:58'),(86,86,2,86,'1987-12-09 03:13:18','2009-12-07 06:00:13'),(87,87,1,87,'1973-03-13 03:23:55','1981-04-06 18:36:51'),(88,88,2,88,'2004-07-16 10:24:59','1992-01-22 06:53:52'),(89,89,1,89,'1981-06-14 17:22:49','1990-10-08 07:39:48'),(90,90,2,90,'1973-10-19 14:00:12','1991-06-13 21:16:16'),(91,91,1,91,'1979-05-20 13:29:02','1997-12-05 23:45:51'),(92,92,2,92,'1978-06-04 23:57:59','1983-04-16 18:15:35'),(93,93,1,93,'2004-02-19 13:27:37','2006-11-04 19:54:55'),(94,94,2,94,'2004-07-21 16:24:57','1998-05-13 06:37:38'),(95,95,1,95,'1998-12-24 08:19:57','1991-05-09 03:49:55'),(96,96,2,96,'1996-02-27 00:49:03','2014-08-23 13:53:14'),(97,97,1,97,'2015-03-09 02:00:12','2009-01-16 05:48:04'),(98,98,2,98,'1987-03-23 09:56:20','1987-01-08 15:26:32'),(99,99,1,99,'2012-10-02 09:09:50','1996-10-19 23:41:41'),(100,100,2,100,'2012-12-10 10:19:28','1983-04-10 22:48:37');
/*!40000 ALTER TABLE `post_comments_reactions` ENABLE KEYS */;
UNLOCK TABLES;

--
-- Table structure for table `posts`
--

DROP TABLE IF EXISTS `posts`;
/*!40101 SET @saved_cs_client     = @@character_set_client */;
/*!50503 SET character_set_client = utf8mb4 */;
CREATE TABLE `posts` (
  `id` int unsigned NOT NULL AUTO_INCREMENT COMMENT 'Идентификатор строки',
  `user_id` int unsigned NOT NULL COMMENT 'Ссылка на автора поста',
  `heading` varchar(255) DEFAULT NULL COMMENT 'Заголовок к посту (может отсутствовать)',
  `body` text COMMENT 'Текст поста (может отсутствовать)',
  `media_id` int unsigned NOT NULL COMMENT 'Ссылка на медиа-файлы, если они есть в посте',
  `created_at` datetime DEFAULT CURRENT_TIMESTAMP COMMENT 'Время создания строки',
  `updated_at` datetime DEFAULT CURRENT_TIMESTAMP ON UPDATE CURRENT_TIMESTAMP COMMENT 'Время обновления строки',
  PRIMARY KEY (`id`),
  KEY `fk_post_user` (`user_id`),
  KEY `fk_post_media` (`media_id`),
  CONSTRAINT `fk_post_media` FOREIGN KEY (`media_id`) REFERENCES `media` (`id`),
  CONSTRAINT `fk_post_user` FOREIGN KEY (`user_id`) REFERENCES `users` (`id`)
) ENGINE=InnoDB AUTO_INCREMENT=151 DEFAULT CHARSET=utf8mb4 COLLATE=utf8mb4_0900_ai_ci;
/*!40101 SET character_set_client = @saved_cs_client */;

--
-- Dumping data for table `posts`
--

LOCK TABLES `posts` WRITE;
/*!40000 ALTER TABLE `posts` DISABLE KEYS */;
INSERT INTO `posts` VALUES (1,1,'Tempora consequuntur voluptatem dolor quia commodi.','Cumque eos corrupti qui nulla inventore expedita. Atque fugiat eius porro dolorum nobis omnis praesentium sed. Repellendus voluptate architecto ipsa. Quia qui sit maxime eius.',1,'2017-04-21 11:30:37','1973-01-12 04:00:52'),(2,2,'Esse ut sit quasi sed fugit ea dignissimos qui.','Expedita et quia iure veniam sed earum. Repellendus quam qui aut in qui repellendus harum omnis. Amet fugiat ut delectus mollitia aut aliquid. Expedita iure voluptas quia iste.',2,'2008-01-09 04:17:25','1999-12-11 13:05:52'),(3,3,'Sunt aperiam ipsum vitae rerum ipsam dignissimos voluptatum quos.','Illo magnam maxime fuga ut neque. Recusandae deserunt quos sunt ea sed qui. Ratione reiciendis iure nisi unde aut. Fuga error sunt odio necessitatibus nostrum dignissimos quam.',3,'2010-12-12 14:31:47','1971-04-01 22:02:04'),(4,4,'Ducimus fugiat ab laudantium.','Eos sint illum pariatur ipsa tempore. Rerum voluptatum ut praesentium omnis quae sint molestiae. Molestiae alias ipsum veritatis non consectetur. Ut et vel et quod. Officiis a et ab amet exercitationem voluptatibus.',4,'2011-07-06 08:48:56','2008-08-10 06:52:27'),(5,5,'Iusto perferendis non omnis deleniti deleniti cupiditate.','Nihil est iure nisi neque facilis vero. Saepe ut aut doloribus ipsa sit quo voluptas. Dignissimos optio est cumque est molestiae dolorem. Et harum ut et repudiandae. Incidunt hic quod vitae amet qui rerum nihil.',5,'2014-02-25 05:27:52','1979-09-04 05:19:10'),(6,6,'Quas et beatae dolorum quae.','Nostrum quia iusto nam vitae. Vero cumque aut non rerum sint illo alias omnis. Quibusdam quaerat aliquam ut voluptas et sed omnis voluptatem.',6,'1971-09-08 18:48:14','1988-05-23 13:30:47'),(7,7,'Minima ut nobis odit consequatur non inventore.','Aspernatur perspiciatis sed aut consequatur ut consequatur. Dolores quis quia consequatur voluptatem illum nihil ut sit. Distinctio qui nostrum fugit neque. Dolore harum est doloribus nulla illum neque.',7,'1974-03-28 21:27:13','1977-05-11 13:44:16'),(8,8,'Velit veniam quaerat placeat dolorem autem iure.','Eligendi neque ea odit amet doloribus non et. Aut sed placeat fuga in. Consequatur aliquam amet voluptatem et temporibus perferendis quia. Modi omnis aliquid iure quam dolorem.',8,'1975-04-09 21:35:04','2005-04-09 05:31:35'),(9,9,'Dolores corporis et est illum debitis.','Totam mollitia porro beatae aut vitae voluptatum voluptatem reprehenderit. Tempore sit maiores possimus cumque ab et est id. Repudiandae ducimus nihil earum. Libero placeat laboriosam et quis et distinctio.',9,'1984-04-02 07:32:01','1994-06-12 04:11:51'),(10,10,'Praesentium laboriosam illo et deserunt.','Qui id et at quae amet modi. Rerum quaerat consequuntur facere adipisci. Debitis iste dolorum accusamus modi et velit. Dolore minus omnis ad soluta.',10,'1974-07-12 03:47:46','2018-12-24 01:56:11'),(11,11,'Ut reprehenderit et ipsa.','Ut eum in qui et dolorem odit sapiente. Sunt sunt odit rerum perspiciatis. Perferendis maxime qui ipsa eum nulla aliquid odit.',11,'1987-06-24 00:07:40','1978-05-06 18:03:11'),(12,12,'Maiores cupiditate quae atque explicabo assumenda.','Nemo et accusamus tempore dolorem mollitia quia veniam incidunt. Exercitationem et qui dignissimos eius. Minus et quisquam temporibus voluptatem.',12,'2009-11-03 19:35:34','2010-02-21 13:48:58'),(13,13,'Ut at nesciunt consequatur fuga omnis dolores.','Iusto impedit pariatur dolores molestias. Corrupti ex sint temporibus eaque. Consequatur earum quidem sint dolorum. Ut aut aut minus et.',13,'1976-01-19 17:34:32','1980-12-30 20:27:00'),(14,14,'Laudantium eum totam quia.','Voluptates non tempore molestiae voluptatibus saepe ad. Quaerat hic voluptate modi quae voluptatem. Exercitationem qui soluta consectetur occaecati ducimus harum ea. Sed id sint consequuntur id.',14,'2009-06-06 11:50:37','1997-03-19 17:33:41'),(15,15,'Nam in ut repellendus.','A nesciunt ipsa ipsum cum soluta officiis esse. Animi modi dignissimos voluptas tempora. Quis totam perferendis natus maxime et unde.',15,'1992-05-15 21:05:33','1980-04-26 04:05:24'),(16,16,'Nesciunt quas voluptatem et dolor qui.','Vel numquam repellendus quos velit est. Et ipsum enim pariatur autem magni doloremque. Beatae fugit ut modi tempore quas ut cupiditate. Et provident debitis ut quidem tempore assumenda.',16,'1989-12-04 17:27:37','2012-10-03 10:40:11'),(17,17,'Sunt pariatur architecto reprehenderit esse.','Odio saepe beatae inventore sit sint. Ut occaecati necessitatibus consequuntur et recusandae qui. Laborum illum aut possimus rerum ipsum quidem temporibus tempore.',17,'2008-03-18 10:19:00','1976-11-09 11:44:55'),(18,18,'Ab vero deleniti saepe perspiciatis dolorem libero vel.','Aliquid veritatis et sed qui quae eos odio. Excepturi dicta autem laboriosam esse aut cupiditate. Id ipsa tenetur minima quam vel. Quae vero dolorum et doloribus omnis vel.',18,'1997-10-22 11:51:23','1981-11-18 01:02:36'),(19,19,'Quas adipisci necessitatibus omnis recusandae.','Adipisci accusantium numquam beatae sunt repudiandae vel. Consequatur temporibus unde doloribus voluptatem. Eius voluptate consequatur quam blanditiis.',19,'2007-01-25 06:46:31','1991-04-22 07:52:51'),(20,20,'Expedita est ad molestiae.','Atque deserunt vel repellat in. Quam rerum delectus a ea eos quos minima. At autem illum temporibus neque.',20,'2009-11-10 18:23:06','1986-06-27 10:32:53'),(21,21,'Porro vitae voluptates cupiditate nesciunt ratione nemo.','Hic aut molestiae libero illum itaque occaecati. Illo sunt asperiores pariatur deserunt voluptatum magni iusto. Rerum hic aut et aut praesentium. Consequatur quasi laudantium laudantium vel et quia illum. Tempora aperiam vel harum deleniti.',21,'2018-11-27 17:47:19','2009-10-23 01:58:33'),(22,22,'Repellat consequuntur culpa dignissimos veniam.','Earum deleniti est nihil blanditiis. Aut repudiandae ad quisquam necessitatibus. Ullam aut qui quos modi. Autem quia voluptates neque nihil quisquam quia reprehenderit. Aut odit et non nobis.',22,'2014-12-03 22:46:45','1987-09-08 22:13:33'),(23,23,'Iste aut voluptatem ex quam voluptatum quis.','Sunt cupiditate voluptatum non consequatur minus. Et ipsa nesciunt adipisci doloremque. Est et aut perspiciatis. Similique consequatur qui non nemo laboriosam sunt.',23,'1991-03-20 06:27:46','2013-05-29 05:45:00'),(24,24,'Ipsa in est recusandae culpa exercitationem et dolorem libero.','Sed eum cum aut ipsam blanditiis. Illo molestiae aliquid veniam nostrum et aliquid. Eius veniam alias voluptatem quos dolore placeat rerum necessitatibus.',24,'2005-04-27 07:02:36','2000-04-17 04:43:08'),(25,25,'Quia natus aut distinctio sed.','Ea officiis quo tenetur voluptas quibusdam voluptatem velit sit. Occaecati similique quaerat quis ea tempore voluptatem qui. Autem numquam ea molestiae quo aspernatur ex omnis.',25,'2018-10-18 21:02:17','1973-04-27 18:45:29'),(26,26,'Dolores et ab fuga explicabo non provident magni.','Ut itaque quisquam laborum a autem. Illo voluptate unde sint ipsum natus repudiandae.',26,'2009-06-27 19:54:51','1980-02-16 11:51:46'),(27,27,'A veniam dicta consequatur animi minima magnam et.','Quae et cum eum rerum. Quo ipsa ut fuga laudantium iste. Id ut iste quia. Dolorem quisquam et illum error.',27,'1989-04-27 23:01:51','1995-05-06 20:47:57'),(28,28,'Cupiditate est omnis impedit dicta atque ut.','Dolor qui eaque sed. Non voluptate aperiam voluptatem cum ab consequatur officia. Temporibus qui repudiandae temporibus aperiam ut maxime ut.',28,'2001-02-17 14:41:59','1973-11-20 10:31:21'),(29,29,'Dolorem dignissimos ut omnis dicta eos quaerat similique.','Corrupti itaque odio beatae ducimus. Officia sapiente voluptas corporis cupiditate natus ad. Ipsam a illo quidem totam officia voluptatum. Vitae consequatur rem quia nostrum porro excepturi.',29,'1983-08-29 07:07:45','1973-01-26 16:51:45'),(30,30,'Iste commodi aut necessitatibus sequi ad ex fuga.','Nisi aliquam doloribus omnis et eveniet totam. Cum et consequatur commodi reprehenderit itaque cupiditate. Omnis sint id facere consequatur.',30,'1970-04-19 20:19:27','1978-12-25 15:06:37'),(31,31,'Sit commodi corrupti odit corporis.','Est vitae non est a libero perferendis omnis. Culpa cum quibusdam ut blanditiis enim. Omnis beatae et rerum doloremque ipsam officiis.',31,'1977-06-12 06:49:00','1979-10-20 22:56:04'),(32,32,'Neque sit qui temporibus.','Maxime repellendus maxime amet vel. Eligendi consequatur velit eligendi fuga ullam saepe a. Quia delectus corporis vitae sed.',32,'1991-09-19 00:33:51','2005-10-30 07:46:55'),(33,33,'Distinctio temporibus libero quos consectetur.','Unde ratione est veritatis est ut. Vel inventore quia qui similique adipisci ad. Sint dignissimos dolor similique labore distinctio ut.',33,'2006-02-09 14:26:28','2009-08-19 02:51:37'),(34,34,'Est enim voluptate ex neque officiis officiis facere.','Quo rerum aut est accusantium quod quo. Et illum ullam labore expedita. Omnis esse pariatur temporibus.',34,'1992-11-12 06:37:43','2011-09-24 23:36:54'),(35,35,'Amet voluptatem facilis aut quod.','Quo corporis ipsum sit placeat veritatis quo eveniet vel. Enim nihil ea quos ab. Et adipisci aut dolores quia consequatur voluptatum eius. Saepe iusto iusto laborum aut.',35,'1983-05-30 08:29:53','1971-10-25 00:22:39'),(36,36,'Ut maxime non sint omnis aut blanditiis.','Voluptas esse quod blanditiis aut eligendi a quia autem. Accusamus nemo eum quia libero consequatur. Distinctio modi dolor laboriosam est ipsa a aut. Temporibus dolor voluptas quos neque velit.',36,'2003-08-13 17:59:34','1995-11-25 05:13:27'),(37,37,'Saepe impedit facere et facere saepe.','Explicabo minima sed illo ipsa. Est labore dolorem quibusdam et fugiat quam facilis. Similique voluptates soluta dolores voluptate non est accusantium.',37,'2012-03-13 14:09:48','2017-10-02 11:05:50'),(38,38,'Nostrum assumenda ut qui beatae error explicabo.','In consequatur quia rem tempore vero sit. Numquam exercitationem sit cupiditate ab. Ducimus et aut ut pariatur id enim molestias. Quidem enim quia optio illo.',38,'1981-03-13 06:37:28','1999-04-14 17:36:06'),(39,39,'Explicabo non omnis qui et pariatur possimus consequuntur.','Et minima quisquam vel facere sit quisquam. At commodi ut in qui. Eaque quo nisi nostrum reprehenderit voluptatem. Ut qui non deserunt molestiae itaque vero nobis hic.',39,'1990-01-08 01:47:42','1974-06-21 11:54:59'),(40,40,'Nulla ad velit aut et.','Voluptatum ipsam et earum. Nisi eaque et omnis adipisci quos quidem enim aut. Sequi animi minus sed molestiae. Laudantium corrupti et voluptates ea minima ut.',40,'1994-01-20 22:19:45','2003-02-21 07:41:20'),(41,41,'Alias voluptate fugit quibusdam nisi ratione.','Blanditiis molestiae et rem voluptatibus. Reprehenderit expedita sint illum et facere iste qui nihil. Minima et molestiae architecto atque. Nihil nostrum vel reprehenderit doloribus.',41,'2010-05-03 14:09:16','2019-01-10 22:05:24'),(42,42,'Et ut incidunt quod et.','Ut aut alias repellendus. Sequi eos explicabo perferendis. Voluptatem architecto aliquam amet consequatur modi placeat. Commodi totam minus omnis dolorem.',42,'1992-09-15 13:00:56','2012-06-07 07:39:38'),(43,43,'Ut sed rem aut et.','Autem consequatur accusantium dolor ipsum veritatis. Quis blanditiis dolor asperiores maxime et qui aut. Sed tenetur aut eum ut minus error ut ipsum.',43,'1997-01-13 21:52:03','1978-10-02 12:46:27'),(44,44,'Et beatae et impedit a.','Dolorem dignissimos ab architecto et. Autem inventore atque quis quae. Illum eum accusamus expedita molestiae unde odio.',44,'2017-12-08 02:56:20','2005-01-29 22:36:27'),(45,45,'Eum possimus sit dolorem fuga atque eum.','Et hic in eius sit. Et sunt illum eaque odit praesentium. Qui eveniet sit provident sequi qui neque dolorem.',45,'1999-09-18 00:41:35','1980-03-20 05:01:07'),(46,46,'Optio ipsum iure qui laboriosam qui corporis aut sunt.','Ut deleniti sed quidem. At dolore et natus accusamus excepturi ut. Quaerat odit non porro. Explicabo sed temporibus earum accusantium sit iste qui.',46,'1984-07-08 13:57:10','1972-10-30 21:25:46'),(47,47,'Iusto quos ut quisquam praesentium maiores omnis et.','Distinctio praesentium aut cumque ducimus nobis fuga. Id dolores voluptas autem vel. Minus quibusdam dicta eius consequatur. Qui ea natus non.',47,'1975-04-10 02:07:31','1972-12-04 15:18:10'),(48,48,'Fugit expedita maiores velit reiciendis aut distinctio.','Tempore quo vel laudantium reprehenderit. Quis aut porro inventore possimus dolore repellat voluptate aspernatur. Eos qui fugit repellat. Ut aspernatur ad modi totam architecto molestias labore.',48,'2013-10-28 19:38:39','2011-06-03 20:45:43'),(49,49,'Enim voluptatem velit omnis atque.','Architecto quasi possimus tempora aliquid magni expedita et. Maiores voluptas amet hic assumenda nobis reprehenderit. Quaerat corporis non placeat dolore expedita eum eum.',49,'1978-04-13 01:46:34','1972-03-31 09:01:34'),(50,50,'Qui repellendus maxime itaque accusamus aut mollitia aspernatur.','Consequatur facere reprehenderit consequatur tempore et quos. Fugiat dolorem beatae deserunt optio sit sint autem sapiente. Odio non dolores quas.',50,'2019-01-26 15:23:48','2008-09-26 21:54:59'),(51,51,'Necessitatibus ut recusandae optio sit magnam quaerat.','Vitae sit aut maxime ad exercitationem voluptatem quasi. Et fuga quis omnis inventore. Quo nihil nostrum explicabo et quis ea.',51,'2005-01-28 17:14:48','1974-03-29 10:37:25'),(52,52,'Occaecati non et est qui.','Unde voluptates voluptas dignissimos officia porro occaecati repellendus hic. Laborum nisi officia eveniet dicta aut. Nisi voluptatem cum ipsum exercitationem veritatis qui. Ab non necessitatibus voluptatem suscipit et ut.',52,'1989-12-28 08:55:45','1977-04-12 23:58:35'),(53,53,'Voluptates quo sed natus tempora perferendis porro.','Quam autem voluptas ad vitae sapiente fugiat qui. Est cum quis ipsum deserunt. Vero animi repudiandae expedita. Consequatur animi eum qui ab fugit unde.',53,'2010-04-01 08:00:27','1988-02-17 04:09:52'),(54,54,'Provident repellat dolorem illo.','Hic cumque voluptatibus veritatis sint ipsum iusto. Fugiat mollitia distinctio impedit aspernatur quas dolorum harum.',54,'2016-01-23 04:47:38','2020-02-09 15:51:42'),(55,55,'Dolore dolorem quis id occaecati.','Eum quod non nemo. Enim itaque omnis et modi soluta rem molestiae facilis. Ad saepe aut aut adipisci consequuntur ut nam. Aut quo repudiandae ad repellat repellendus.',55,'2003-09-27 20:03:56','2008-01-27 07:47:28'),(56,56,'Quidem rerum accusamus voluptatibus repellendus soluta aut porro.','Nemo hic ratione quaerat praesentium ipsum. Impedit neque eveniet architecto autem. Accusantium voluptates sunt perferendis aut sapiente dolor accusamus. Suscipit ipsum explicabo sed libero.',56,'1991-05-03 17:27:06','1999-01-02 08:13:04'),(57,57,'Id accusamus aliquam eius sunt adipisci.','Repellendus nihil non quibusdam in maiores. Tempora mollitia perspiciatis est soluta voluptas est iusto. Eos molestiae aliquam doloremque corrupti eos sunt. Quia et adipisci et voluptates.',57,'2012-11-26 03:03:27','1972-08-30 02:31:23'),(58,58,'Cupiditate rem consequatur nemo.','Quidem quisquam culpa inventore expedita ipsum repellendus laudantium. Dolor consectetur ipsa quo deserunt aliquam beatae. Fugiat laudantium aut adipisci nihil omnis est et. Sed quas natus quidem commodi sequi et corrupti. Quia autem reiciendis sit quia et placeat.',58,'2007-05-25 10:15:17','2005-05-08 18:03:19'),(59,59,'Quae rerum voluptas explicabo debitis eaque.','Quis dolorem laboriosam reprehenderit est laborum necessitatibus perferendis. Corporis molestiae tempora veritatis nam aliquid nihil. Consequatur consequatur non eum et. Necessitatibus et nobis distinctio quia voluptates inventore minima ab.',59,'1979-04-30 20:39:08','2018-08-19 08:14:08'),(60,60,'Debitis qui dolorem doloribus molestias.','Doloremque dolorem perspiciatis qui quidem quasi error ut culpa. Molestiae sit dicta eveniet quaerat. Unde aliquid quis quo delectus.',60,'1997-05-30 22:09:32','1994-12-19 22:46:14'),(61,61,'Dolor placeat doloribus provident accusantium rem labore distinctio.','Dolorum laboriosam error dolorem ut sequi magni quia. Nostrum harum vel enim ab. Aliquid sed vel quia provident.',61,'1997-12-07 00:33:25','2008-03-31 03:54:24'),(62,62,'Blanditiis dolores quo expedita nihil esse quae eligendi reprehenderit.','Qui possimus rerum sit eligendi consequuntur animi. Perspiciatis possimus labore culpa sequi veniam ut praesentium unde. A architecto iste nesciunt voluptates. Nostrum ducimus veritatis tenetur voluptas quas voluptas. Quis autem similique quisquam.',62,'1992-04-21 12:31:51','1989-02-09 02:47:51'),(63,63,'Delectus nulla rerum ullam accusantium.','Et fugiat consequuntur est earum ea et debitis. Quidem dolorem vel libero quisquam eum. Eos voluptatem provident voluptatem ut. Voluptas voluptates perferendis autem voluptatem qui dolores quia. Et et sit eius earum veniam.',63,'2001-07-11 13:51:06','2019-08-25 03:19:52'),(64,64,'Id doloremque error eveniet.','Dolorum veniam quas ut est saepe. Quibusdam voluptas quaerat eligendi vel quo laboriosam odio. Aut consequatur modi quia accusantium cumque molestiae est dolor. Doloremque repellat sapiente atque officia laboriosam earum consequatur.',64,'1974-04-10 10:51:36','1999-11-09 12:30:39'),(65,65,'In error minus sint tenetur.','Voluptas sequi aut perferendis ab ab. Dolorem animi quis reiciendis. Magnam enim nisi qui aliquid alias dicta. Consequuntur doloremque sunt ipsum corrupti doloremque omnis et deserunt.',65,'2018-05-07 21:43:28','1982-08-28 20:28:00'),(66,66,'Aut qui sint ut illo laudantium ea.','Nam repellat et blanditiis consectetur tenetur. Nihil non hic sit sequi nostrum nesciunt consequatur. Mollitia necessitatibus nemo consequatur maiores explicabo neque corporis est. Excepturi voluptates et nihil deserunt nesciunt placeat quam.',66,'1991-06-10 20:46:20','2004-12-28 09:37:53'),(67,67,'Quas consequatur quibusdam repudiandae ipsa qui praesentium ipsa.','Veritatis optio nulla veniam sit aliquid et commodi. Quisquam aut necessitatibus eum quia delectus.',67,'1994-10-08 10:12:04','1990-12-26 15:43:03'),(68,68,'Assumenda laudantium natus nihil laborum et sit.','Autem autem doloribus consectetur voluptatem unde quod autem. Eos vero molestiae beatae incidunt voluptatem veritatis aut.',68,'1973-12-18 14:25:46','1989-10-17 11:08:51'),(69,69,'Ipsam explicabo fuga qui.','Nihil velit laboriosam aut unde officia quis qui. Dolores doloremque dolore necessitatibus earum ut voluptatem sed. Ut sed quo rem. Alias reprehenderit sit cumque autem libero laborum deleniti.',69,'1981-08-19 13:44:39','2017-11-12 00:54:35'),(70,70,'Aliquid facere in unde laborum voluptates ratione.','Sed accusantium qui iusto nisi nesciunt est quibusdam eum. Debitis illum eos aut unde. Molestias quisquam molestiae laboriosam voluptas alias perferendis iste sunt.',70,'2005-05-06 15:44:27','1973-05-06 08:05:38'),(71,71,'Repellat est voluptas similique modi molestiae dignissimos ex corrupti.','Laboriosam aut laudantium quo odio. Porro qui sit nisi velit mollitia. Corrupti consectetur unde voluptatem rem aut aut.',71,'2013-02-25 07:17:24','2017-09-04 05:00:21'),(72,72,'Ex natus nisi nisi rerum nisi.','Est aut ut animi non officia dolores incidunt. Voluptatem iste facilis sit qui minus sed sit. Eligendi vel ducimus at quo. Deserunt autem vel cumque et et ab.',72,'1988-09-13 12:32:21','2005-09-30 23:40:18'),(73,73,'Nam non rerum reprehenderit odit dolores at modi mollitia.','Itaque aliquam quo consectetur qui sint. Doloremque soluta et voluptatibus. Quo et quam ad qui excepturi. In accusamus facere doloribus odit minima.',73,'2018-02-20 03:29:24','2006-11-09 22:49:25'),(74,74,'Corrupti expedita qui et harum non rerum.','Earum dolor exercitationem autem recusandae voluptate minus quo. Ut rerum nesciunt laboriosam sit natus iste laudantium. Dignissimos qui molestiae sequi.',74,'1994-01-20 05:17:35','1999-03-30 17:05:40'),(75,75,'Velit laborum dolor aut magnam sint saepe est.','Illum consequatur reiciendis esse qui. Blanditiis quis magni a ut enim sed. Sed ex atque omnis molestiae. Aut illo qui sunt placeat.',75,'2012-11-20 08:27:19','1976-09-08 06:18:49'),(76,76,'Molestias veniam beatae nisi vitae sint reprehenderit eum.','Labore suscipit dolorem provident placeat numquam ullam. Saepe doloremque in voluptatem quas aut. Minus repellendus sint quo quam autem sint. Odit placeat beatae velit eos.',76,'2008-05-18 22:13:12','1972-09-03 19:45:58'),(77,77,'Dolores sequi est rerum debitis.','Fugiat quis non culpa vero nam. Sed accusantium aut nihil quasi perspiciatis. Et saepe soluta sint officiis eius culpa repellat. Eos commodi quidem dolorem et aut et quidem.',77,'1992-11-04 16:33:53','1970-07-21 10:03:16'),(78,78,'Velit eveniet quidem consequatur a.','Voluptate est occaecati est quo autem quo saepe. In non odio quia quia nam. Molestiae amet voluptas molestias recusandae officia tempore. Laudantium earum a similique voluptatum eos.',78,'2002-09-24 08:59:45','1994-08-27 13:36:12'),(79,79,'Quaerat qui a sed.','Explicabo officia repellat unde culpa vel officiis ut. Eaque sed fuga quibusdam velit reprehenderit maiores hic. Ut similique a minima deleniti corporis magni libero. Consequatur et impedit ut voluptatibus suscipit dignissimos voluptatem. Provident et sed rerum et quis dolor ratione non.',79,'2001-09-15 13:04:15','1976-04-14 08:56:16'),(80,80,'Aut quas vero iure provident sunt totam.','Aut cumque et alias debitis. Neque necessitatibus non voluptatem minima velit est. Non optio aspernatur rem soluta quod aut.',80,'2019-07-31 14:34:02','2018-03-01 22:52:10'),(81,81,'Ratione itaque nemo natus eius aliquam sit.','Distinctio natus expedita voluptatem vitae laboriosam ut unde. Harum dolor qui dignissimos facere. Cupiditate ipsa molestiae id rem ut asperiores atque. Sed in nobis sunt distinctio iure vel. Temporibus qui excepturi minus officia.',81,'2018-06-03 09:26:24','1989-03-09 22:21:29'),(82,82,'Voluptatem soluta et ex autem.','Rerum natus alias et enim illum quae non nemo. Doloremque deleniti est sit voluptatem architecto modi ipsa. Dolores ut occaecati harum labore natus perspiciatis cumque.',82,'1975-06-16 14:03:32','2008-04-11 21:52:05'),(83,83,'Ab illo ut ea suscipit.','Vel ut dolor facilis omnis amet. Neque ipsum eos ut aliquam ipsum optio. Est velit labore et. Ut magni nihil non sint reprehenderit eum.',83,'1987-10-14 03:52:35','2004-06-03 21:21:25'),(84,84,'Est totam error vel deserunt temporibus voluptates ea ullam.','Perspiciatis nam sit maxime nostrum cumque dicta dolores. Qui atque rerum et provident. Eius quia rerum numquam ut nesciunt quis. Dolor tempore omnis quaerat facere non voluptate id.',84,'1985-02-26 00:37:32','2007-03-06 09:22:07'),(85,85,'Quia quaerat ipsum ducimus dolorem distinctio.','Optio quibusdam eaque blanditiis non. Ut sed sed reiciendis nihil. Quas odio qui sed.',85,'1976-11-15 18:31:10','2007-12-03 05:30:13'),(86,86,'Eveniet consequatur necessitatibus eos voluptatibus praesentium.','Fugiat qui dolor qui voluptatem minima. Culpa dolores ut qui minima. Odit cum nihil consequatur. Aspernatur nisi facere sed voluptatem minima rerum.',86,'1977-08-04 12:19:17','2003-10-20 18:30:54'),(87,87,'Et architecto illum nisi et beatae.','Magnam atque assumenda nulla maiores molestiae voluptatibus iste. Quam occaecati perspiciatis ea. Expedita similique animi animi consequuntur eum sed.',87,'1973-03-18 11:53:13','2015-10-26 22:01:01'),(88,88,'Mollitia dicta et voluptatem vitae pariatur.','Delectus voluptate sed aliquid totam et aperiam corporis. Maxime repellendus rerum nam aut aut quia est. Ipsum illum aut at maiores architecto.',88,'2008-03-29 15:05:44','2020-05-07 14:13:21'),(89,89,'Minus sint rerum atque animi quisquam vel.','Non praesentium labore qui. Qui esse sit aperiam sint voluptatem. Impedit dolorum assumenda harum dolorem nemo doloremque. Eligendi consequuntur est et tenetur.',89,'2021-03-01 08:07:53','1998-11-09 19:05:40'),(90,90,'Consequuntur vero non inventore.','Unde in iusto earum voluptatem ut. Optio soluta dolorem corrupti et voluptatem natus quis doloribus.',90,'1982-06-10 01:51:45','1980-09-06 21:00:47'),(91,91,'Deserunt commodi quia cumque quia maxime odio ut optio.','Labore ea est consectetur dolorem illo. Sapiente vel unde corrupti et. Veniam neque aut officia expedita.',91,'1988-08-09 14:51:02','1979-01-22 11:26:28'),(92,92,'Debitis adipisci aspernatur culpa tempora in nemo.','Numquam eveniet voluptatem ab non. Aliquam possimus ipsum incidunt et nobis cupiditate aliquam. Rerum cum quidem maxime magni cupiditate. Iure quas et eveniet et quia.',92,'2000-01-18 03:12:53','1990-05-05 22:44:09'),(93,93,'Error molestiae laudantium qui commodi.','Quia doloremque sed provident perspiciatis. Perferendis libero non inventore ea deserunt. Itaque qui voluptate velit ad ipsum quia.',93,'1994-06-25 12:28:24','1990-11-29 08:09:27'),(94,94,'Et aliquid voluptatum iste rerum magni aut.','Odit nemo ex eos. Inventore eveniet quo animi qui itaque aliquam omnis amet. Atque nesciunt debitis quibusdam exercitationem tempore natus earum minus. Optio et omnis omnis recusandae.',94,'1978-01-15 23:13:43','1972-02-23 04:14:07'),(95,95,'Et eos fugit ipsa pariatur dolorem.','Perferendis sunt eligendi dolorem facilis a cum accusantium. Cupiditate dolores facilis vel.',95,'2013-10-08 12:54:44','2019-05-26 07:40:02'),(96,96,'Voluptatem voluptates ex maiores et alias eum.','Ex illo et iusto sit asperiores in ex. Omnis dolorum vitae nostrum odit aspernatur tempore pariatur qui. Sit esse vel cupiditate nihil natus est. Amet velit vitae voluptatibus voluptates eveniet sint quas.',96,'2008-08-08 21:58:14','2015-08-13 09:41:51'),(97,97,'Eveniet quasi soluta unde et explicabo saepe aut.','Ut est similique veniam accusantium eaque voluptate quae qui. Quidem ea dolore deserunt cumque veniam sunt. Iusto saepe et pariatur. Ratione error rerum voluptas tenetur.',97,'2007-02-03 23:54:38','1982-11-10 18:09:19'),(98,98,'Quia molestiae exercitationem dolorum sunt veniam.','Vel illum neque sed est animi ut. Velit et sapiente quidem assumenda. Rerum voluptas illum voluptas ut. Animi consequatur error sapiente aut.',98,'1992-06-19 18:21:17','1974-05-03 16:11:36'),(99,99,'Ut enim adipisci et asperiores non rem.','Reiciendis nesciunt voluptatem esse error esse aut. Iure illo qui inventore. Vitae distinctio voluptatem atque quia. Nemo a sequi consectetur qui ut maxime soluta odio.',99,'1997-03-31 03:44:36','2007-03-13 19:56:53'),(100,100,'Eum sequi consectetur fugiat aut error incidunt.','Eveniet consequatur molestias impedit autem magni. Ex corporis veritatis itaque. Ipsum voluptatem aut in saepe et voluptatem et. Libero cupiditate quia sapiente nisi ipsa voluptas quia.',100,'2017-10-08 09:35:02','1985-07-21 21:00:15'),(101,1,'Architecto accusamus repellendus et quia nisi voluptatem autem.','Qui amet accusantium magni quo excepturi. Ut incidunt in molestias commodi. Eos et qui nostrum earum dolores occaecati. Qui nulla quos nam accusantium.',101,'2004-07-06 16:05:02','1983-05-04 12:15:42'),(102,2,'Beatae quia laborum repudiandae nesciunt laboriosam.','Accusantium aliquid expedita doloribus enim recusandae ea enim. Consequuntur autem eos dicta qui mollitia dolores. Quo quasi facere autem adipisci soluta animi.',102,'2006-06-26 14:11:17','1998-06-10 02:13:26'),(103,3,'Aperiam sit corporis ut quia eos.','Sit debitis praesentium quas qui aut perspiciatis. Et quas iure quas. Non aut impedit non quod iusto qui et. Aut ratione expedita eveniet impedit.',103,'1998-12-20 22:37:22','2019-04-26 00:26:12'),(104,4,'Vel quis est molestiae modi et.','Aut impedit id quos ex. Nemo tempore est tenetur est ut error sed. Omnis id velit consequatur qui minus quibusdam tenetur.',104,'1979-04-07 20:22:56','2005-01-25 05:37:51'),(105,5,'Est sequi beatae quis ea sint non quaerat.','Et numquam odit exercitationem ex est voluptatem alias. Et sit quod dicta.',105,'1985-07-24 22:55:13','1970-04-05 03:51:47'),(106,6,'Fugiat et laborum voluptatem quas est.','At quia impedit nemo totam sed. Et aut placeat fugiat molestiae ea ut. Similique culpa commodi odit. Asperiores dignissimos accusantium deserunt iste et temporibus omnis commodi.',106,'1990-06-24 10:23:53','2007-09-18 11:21:28'),(107,7,'Dolor autem inventore tempore et incidunt corrupti sed.','Impedit tempore voluptas totam autem velit et sed. Ea nostrum porro rerum vitae voluptatum maiores. Libero deserunt in ut eaque. Reprehenderit earum non rerum.',107,'2008-11-18 17:55:12','2012-09-23 09:12:12'),(108,8,'Modi nam sed porro animi odio.','Eos molestiae ea eveniet. Fugiat quod dicta esse et.',108,'1984-01-14 01:35:30','1979-06-12 02:28:11'),(109,9,'Consequatur et sed voluptas exercitationem dolorem.','Mollitia dolores sed aliquid aut at. Doloribus vel necessitatibus sed et consequatur exercitationem quos. Fugit eum et et sequi est optio. Aliquid quas odit aut qui et ipsa.',109,'1980-07-07 08:08:00','2003-07-21 23:39:07'),(110,10,'Ratione eaque commodi ullam consequatur omnis praesentium a.','Quas est rem natus eius. Facilis qui sed voluptatibus quia aut magni qui. Voluptatem fuga molestias nemo dolorem iusto temporibus. Quaerat et ex natus officia. Eius atque cumque accusantium aliquam atque nobis est.',110,'2014-11-16 15:20:42','2020-10-01 05:56:38'),(111,11,'Assumenda asperiores est qui dolorem cum nihil.','Cupiditate quia et quos totam iure deserunt molestiae. Aut molestias optio animi minima a iste omnis.',111,'1971-12-03 04:14:40','1991-09-19 12:34:34'),(112,12,'Similique nam omnis debitis dicta laboriosam sint et.','Dolor odit similique odio saepe. Temporibus adipisci maxime rerum praesentium doloribus est sapiente. Sunt quibusdam magni architecto soluta et.',112,'1987-03-20 16:54:04','2004-05-24 10:41:32'),(113,13,'Quia impedit magnam rem delectus quisquam ex deserunt.','Aut ratione cupiditate illo quo. Libero est et magnam voluptas doloribus impedit voluptates nesciunt. Ipsum itaque architecto deleniti cupiditate molestiae.',113,'2007-10-14 08:58:10','1986-04-17 03:32:22'),(114,14,'Aut autem voluptates dolorum aliquam rerum.','Laborum et consequatur ullam illum. Ad enim eligendi laborum accusantium minus in. Unde ipsa consequatur at dicta rerum nihil a voluptas.',114,'1973-11-15 05:10:08','2018-03-03 00:40:22'),(115,15,'Ab qui omnis maxime vero.','Architecto sunt consequuntur exercitationem deserunt sint. Quis autem ullam non atque quidem iste. Et repellendus excepturi animi harum quia molestias necessitatibus. Cupiditate illo aperiam in et in expedita dolorem. Voluptas id necessitatibus ab.',115,'2013-08-22 16:04:10','1998-03-08 15:22:04'),(116,16,'Provident laboriosam facere magni odio.','Ratione exercitationem sint perferendis esse qui et nisi. Dolores ut sint non corporis tenetur velit. Omnis aut quaerat illum quia quos vel. Recusandae ut excepturi quo distinctio perspiciatis quisquam repellat.',116,'1978-05-12 07:51:01','1977-08-20 02:30:56'),(117,17,'Cum ipsum cumque magnam est aut.','Distinctio corrupti quae necessitatibus odit. Est autem doloremque deleniti consequatur aut.',117,'1996-01-04 15:18:25','2018-01-12 03:51:42'),(118,18,'Corporis ut officia debitis modi.','Debitis fuga ipsam ipsum et illo inventore. Reprehenderit inventore exercitationem atque nobis quo velit ut. Vero dolor quia maxime aut nisi iusto.',118,'2001-11-24 12:26:01','2005-11-21 10:10:36'),(119,19,'Ex praesentium quidem ratione fugiat excepturi dignissimos nesciunt.','Voluptas eos quod sit. Ut provident non consequuntur voluptatum consequuntur est. Sed totam consequatur dolorem excepturi rem error ipsa eius.',119,'1987-05-28 09:11:02','2018-01-31 00:46:22'),(120,20,'Quisquam sit sit ut explicabo enim qui omnis.','In exercitationem quaerat qui mollitia. Dicta cupiditate voluptatem nisi. Voluptatem iste sit reiciendis rerum voluptatem. Sed rem enim autem minima.',120,'2006-07-29 21:19:42','1984-04-10 05:53:54'),(121,21,'Id est numquam velit reprehenderit quo error ut.','Quis cum fugiat autem deserunt ad consequatur. Aut sed voluptatum labore. Suscipit consequatur similique ex hic id ab et in. Et maiores id earum sit ea dolorem et ut.',121,'2008-11-20 18:45:20','2002-08-15 11:02:43'),(122,22,'Ut nulla fugiat corporis voluptatum quasi numquam optio vero.','Voluptate molestiae consequatur at voluptatem id rem nihil. Dolorem voluptas dolor voluptas non sunt sit commodi. Amet rerum reiciendis in sed omnis. Iste culpa et enim illo vero nobis vel quis.',122,'2004-08-26 23:11:43','1974-09-27 01:17:15'),(123,23,'Unde et rerum cupiditate distinctio dignissimos consectetur.','Et reprehenderit error quis exercitationem quas qui. Fugit porro ipsam eligendi eligendi. Dolorem eligendi dolorum perferendis voluptatem consequatur ratione. Illo adipisci suscipit omnis quis vel.',123,'2012-02-18 06:54:51','2007-10-24 22:43:33'),(124,24,'Sit non est ea soluta quibusdam quam esse.','Ut et quam molestiae rerum aliquam tenetur dolorem. Quod et ut tenetur enim laudantium expedita.',124,'1990-07-15 06:29:12','1983-04-30 08:49:05'),(125,25,'Libero et ipsum laborum aspernatur omnis adipisci hic.','Neque earum voluptatem tempore in et. Quasi sed ut voluptatibus fugiat ipsum doloribus. Perspiciatis quia sed libero quidem. Atque qui perspiciatis nobis reiciendis culpa in.',125,'2005-11-19 13:13:15','2008-02-09 04:07:49'),(126,26,'Sunt est voluptatibus quae ducimus aut porro unde.','Dignissimos deserunt harum officiis earum nihil molestiae excepturi. Totam alias architecto atque. Eum excepturi laudantium natus laudantium. Atque et quia esse veniam.',126,'2005-12-13 10:20:47','2004-05-06 01:20:33'),(127,27,'Architecto optio ipsa molestiae qui voluptas id.','Aliquam harum voluptas aut ipsum. Dolorum mollitia et ut. Placeat rerum cumque hic dolores et odio alias. Perferendis placeat qui laborum voluptatum omnis et.',127,'1989-08-28 04:13:42','2016-06-27 23:33:28'),(128,28,'Quas explicabo eaque dolorem dolor.','Omnis quibusdam eum tempora at aut vel earum impedit. Cupiditate ea consequuntur omnis sapiente.',128,'2011-10-03 17:15:19','2000-04-12 10:29:40'),(129,29,'Et quae similique nostrum.','Quisquam esse omnis omnis. Labore rerum pariatur qui nihil molestiae id praesentium. Quam consectetur unde perspiciatis beatae. Est quis omnis commodi iure.',129,'2014-04-20 21:18:39','1993-07-28 00:19:52'),(130,30,'Repellat facere velit assumenda esse sequi.','Accusantium quisquam id eum ipsa mollitia totam. Ea et sint alias modi aut repellendus excepturi. Voluptatibus commodi occaecati quia rerum ullam. Quidem facere inventore sequi est minus.',130,'2001-05-22 09:25:48','2019-04-23 23:31:29'),(131,31,'Necessitatibus natus omnis nisi nemo voluptatem.','Et maiores reiciendis aut sed est consequatur quidem. Voluptatibus excepturi quisquam suscipit labore eaque. Repudiandae suscipit suscipit perspiciatis animi.',131,'2005-08-07 04:43:23','2011-04-28 10:45:17'),(132,32,'Delectus incidunt facilis cumque cumque.','Quos enim nostrum cumque in inventore in tempora molestias. Dignissimos distinctio nihil vel qui enim possimus. Qui assumenda est perspiciatis aut et pariatur.',132,'2012-06-12 05:05:27','1996-01-28 17:13:13'),(133,33,'Ducimus laborum enim blanditiis impedit.','Doloremque asperiores sit aspernatur dolorem assumenda. Dolorem voluptatem repellat repudiandae vel laborum sunt non. Itaque consectetur voluptas fuga non non porro. Consequuntur deserunt qui et ut.',133,'1991-02-22 15:28:50','1981-09-02 23:42:36'),(134,34,'Tempore temporibus hic et velit ut laboriosam delectus voluptatem.','Quia et nam pariatur. Placeat non ab a mollitia culpa nemo ea sit. Fugiat delectus quisquam expedita occaecati veritatis. Blanditiis quis est fuga.',134,'2004-06-22 12:41:41','2006-07-27 13:03:00'),(135,35,'Ad fuga esse qui officia.','Qui similique unde blanditiis ducimus rem. Ex voluptatem asperiores repellat animi harum et. Et quidem debitis voluptas nihil est dolore quos nostrum.',135,'1985-02-16 13:40:08','1992-11-12 10:18:43'),(136,36,'Qui assumenda distinctio ut aut quia.','Est excepturi omnis accusamus et maxime velit iusto. Aspernatur quia ut ea odit non atque accusantium voluptatem. Fuga quod praesentium necessitatibus quo corporis.',136,'1981-11-09 11:27:33','1982-04-16 16:54:00'),(137,37,'Assumenda ipsam tenetur similique sint suscipit.','Et odit quo rem ipsum. Non numquam nemo et recusandae architecto quibusdam harum. Accusamus molestiae ea dicta voluptatibus. Repudiandae quia fugit sit quos.',137,'1985-09-05 20:11:31','1983-12-30 15:58:00'),(138,38,'Eum nulla in ratione magni aliquid.','Possimus et nam animi et. Et et laboriosam et cum consectetur assumenda. Aut commodi voluptatibus nostrum saepe blanditiis et. Corrupti autem suscipit rerum aut.',138,'1986-04-29 10:55:55','1980-01-06 04:57:45'),(139,39,'Magnam dolor deserunt aliquid asperiores.','Eius laudantium nam maiores tenetur at. Sed iure laudantium aliquid quia ut minus qui. A nemo architecto quo est fugiat et. A rerum tempore et.',139,'1972-04-04 02:19:30','2016-11-06 09:32:33'),(140,40,'Dolor repellat nulla qui voluptatem.','Quam placeat alias dolores dolor. Iusto velit labore eaque accusantium asperiores dolores. Distinctio vitae alias deserunt est debitis ullam earum.',140,'2005-10-15 04:32:07','1992-06-15 23:15:25'),(141,41,'Ut veritatis ut architecto rerum fugiat officia libero.','Alias repellendus ab quod aut est debitis. Harum voluptas vero suscipit quam adipisci non dolore. Id cum atque repudiandae dolor ut. Omnis maxime repellendus qui incidunt voluptate aliquid aspernatur.',141,'2018-12-21 01:11:50','1990-09-27 12:28:54'),(142,42,'Quo velit ducimus sed iste et.','Quam eius non deleniti sed deleniti unde tempore. Rerum est alias optio ipsum quidem vel. Error eum repellendus velit id.',142,'2006-07-11 23:01:33','2021-02-24 13:25:32'),(143,43,'Dolor et sit eius ea sit.','Minus error sit et recusandae reiciendis. Id mollitia deserunt ut velit et sit. Totam recusandae ut a sequi quo consequatur.',143,'2002-03-04 07:56:04','1975-01-28 21:15:34'),(144,44,'Sequi animi reiciendis eos at.','Voluptate aut quo nostrum et fugit consequatur ipsum. Quod exercitationem ad maxime quae in aut. Debitis nisi qui maiores pariatur qui. Deleniti sunt et dolorem ut et.',144,'1977-12-04 10:12:05','1981-09-21 01:15:10'),(145,45,'Blanditiis ipsum voluptas quas laboriosam.','Dolor earum ex et non placeat quasi. Aperiam eaque consequuntur maiores quia voluptatem. Accusantium dolorem ex eius voluptatem. Non exercitationem nulla quia sit ut. Aliquid officia sed id.',145,'2003-06-24 20:38:20','1995-11-30 17:31:32'),(146,46,'Et id voluptates incidunt.','Nulla id vel enim repellendus. Quibusdam ut eos accusamus at error. At velit quia voluptatum omnis vero quia vel. Non consequuntur enim vel id id quod. Sit optio et laborum vitae non labore.',146,'1996-06-29 06:34:36','2007-01-25 01:43:20'),(147,47,'Ipsam a incidunt perspiciatis quo a fugit est.','Eveniet et autem non inventore ut. Nam est aspernatur nihil non vel praesentium commodi. Praesentium et et nemo unde magni molestiae aut.',147,'1990-12-14 09:21:23','2004-05-03 15:47:41'),(148,48,'Ad sunt optio non.','Quis assumenda assumenda quisquam consectetur soluta consectetur. Ullam alias quo cupiditate optio at delectus. Sit sapiente consequatur est aspernatur voluptatem esse quaerat beatae. Odio ut voluptate incidunt.',148,'1979-07-21 23:32:15','1988-02-13 19:15:57'),(149,49,'Repellendus itaque perferendis alias laboriosam illo.','Quis omnis sequi quia consectetur repellendus ut quisquam. Tempore quam nam eligendi perspiciatis aut dolores. Quis et molestiae porro veniam et. Autem est ut et eius beatae commodi at.',149,'1988-05-24 20:43:51','2005-08-01 20:43:16'),(150,50,'Quia praesentium quo qui ut harum.','Adipisci et dolore possimus voluptatem laudantium quis doloribus. Nobis rerum sapiente enim repellat. Sed nobis commodi qui magni.',150,'1992-01-29 11:43:24','2000-01-25 12:07:25');
/*!40000 ALTER TABLE `posts` ENABLE KEYS */;
UNLOCK TABLES;

--
-- Table structure for table `posts_comments`
--

DROP TABLE IF EXISTS `posts_comments`;
/*!40101 SET @saved_cs_client     = @@character_set_client */;
/*!50503 SET character_set_client = utf8mb4 */;
CREATE TABLE `posts_comments` (
  `id` int unsigned NOT NULL AUTO_INCREMENT COMMENT 'Идентификатор строки',
  `post_id` int unsigned NOT NULL COMMENT 'Ссылка на комментируемый пост',
  `user_id` int unsigned NOT NULL COMMENT 'Ссылка на автора комментария',
  `body` text NOT NULL COMMENT 'Текст комментария',
  `created_at` datetime DEFAULT CURRENT_TIMESTAMP COMMENT 'Время создания строки',
  `updated_at` datetime DEFAULT CURRENT_TIMESTAMP ON UPDATE CURRENT_TIMESTAMP COMMENT 'Время обновления строки',
  PRIMARY KEY (`id`),
  KEY `fk_comment_post_id` (`post_id`),
  KEY `fk_comment_post_user` (`user_id`),
  CONSTRAINT `fk_comment_post_id` FOREIGN KEY (`post_id`) REFERENCES `posts` (`id`),
  CONSTRAINT `fk_comment_post_user` FOREIGN KEY (`user_id`) REFERENCES `users` (`id`)
) ENGINE=InnoDB AUTO_INCREMENT=101 DEFAULT CHARSET=utf8mb4 COLLATE=utf8mb4_0900_ai_ci COMMENT='Таблица для хранения комментариев к постам';
/*!40101 SET character_set_client = @saved_cs_client */;

--
-- Dumping data for table `posts_comments`
--

LOCK TABLES `posts_comments` WRITE;
/*!40000 ALTER TABLE `posts_comments` DISABLE KEYS */;
INSERT INTO `posts_comments` VALUES (1,1,1,'Sapiente sed iure voluptatem debitis sequi. Hic voluptas quae officiis debitis non est. Architecto numquam minus totam accusantium.','2020-06-09 17:08:15','1991-02-09 23:15:21'),(2,2,2,'Autem dolores et ab sint at quos expedita. Adipisci cum quia iusto a enim nemo voluptas. Labore aliquid voluptatem esse distinctio ipsam id ullam.','1987-03-16 08:44:05','1994-09-15 23:57:35'),(3,3,3,'Eum voluptatum ut accusamus voluptate suscipit unde perferendis. Ducimus ex voluptatem provident consequuntur voluptatem modi. Iure ipsam consequatur nihil debitis aliquid eaque iste. Molestiae doloribus rerum doloremque incidunt et praesentium.','2011-09-29 17:00:42','2000-10-27 01:22:16'),(4,4,4,'Id quia voluptate iusto beatae quisquam ipsam quos. Necessitatibus quia dolor iure harum laborum amet cum. Dolorem veniam vel dolorum eos. Est consequatur id qui eligendi ducimus.','2011-09-02 08:38:19','1995-06-04 06:19:42'),(5,5,5,'Quaerat alias itaque reiciendis. Provident nam eum consequatur occaecati. Dolores voluptatem enim est molestiae.','1987-10-09 15:18:12','1995-06-15 20:53:58'),(6,6,6,'Aut illum recusandae velit in consequatur dolores eos. Ut voluptatum consequuntur dignissimos illo voluptatem nihil aliquam. Molestias quia mollitia sit voluptatem et necessitatibus nostrum. Distinctio magnam eos voluptas ipsam corporis reiciendis. Est impedit cupiditate quia provident quos itaque.','1988-09-23 16:02:59','1983-01-16 23:18:28'),(7,7,7,'Rerum eligendi voluptatem ratione ducimus. Et quos consequatur voluptas labore quos aliquid natus.','1992-02-21 00:16:18','1998-07-28 09:51:59'),(8,8,8,'Et doloribus exercitationem nostrum et quod ut error. Qui omnis natus natus omnis magnam. Quos quasi suscipit iste a consectetur magni sed ab.','2017-12-03 07:54:47','2008-03-20 17:16:31'),(9,9,9,'Odio repellendus molestiae et vitae aut aperiam. Et blanditiis enim similique expedita labore consequatur. Rerum perferendis ea velit et quod perferendis.','1979-12-14 10:54:04','2005-12-07 07:50:13'),(10,10,10,'Quo quis sed inventore et laudantium. Odit atque fuga earum qui fugit. Ut aut dolorum recusandae facere cum tenetur quis molestiae.','1991-03-07 17:53:55','1994-03-20 05:06:18'),(11,11,11,'Quis vitae repellendus magni voluptatibus eum. Enim repellendus asperiores aut excepturi neque.','1984-04-22 06:35:56','2009-09-28 21:39:01'),(12,12,12,'Debitis voluptas officiis rerum est at. Quia dolores nostrum reprehenderit quas autem. Autem ab dolorem adipisci tempora labore.','2015-03-11 03:21:01','1991-05-11 03:02:22'),(13,13,13,'Natus aut tempora quidem occaecati voluptates. Voluptatum enim non sunt sint explicabo praesentium magni. Neque accusamus et sed sapiente cumque explicabo. Ea voluptas natus quis mollitia in voluptas ad.','2020-10-31 05:10:30','2017-08-11 17:06:08'),(14,14,14,'Est et enim dolorum. Ipsa ab dolores dolores totam non aut. Cum omnis optio corrupti nesciunt fugit dignissimos. Est nemo dolorum aliquam et ut et fugit.','1988-06-20 19:43:43','1996-02-06 19:48:59'),(15,15,15,'Magni eum ea vero a. Aliquam aperiam sit illo delectus doloribus. Voluptatibus ipsa excepturi cupiditate odit quasi deserunt officiis.','1997-10-27 02:09:20','2001-06-04 07:45:12'),(16,16,16,'Optio voluptatem eaque et sapiente hic. Eligendi temporibus aliquam reprehenderit sequi inventore. Quibusdam ea modi ullam blanditiis. Numquam et incidunt ipsa quae facilis hic. Explicabo magni vero odit autem.','2010-05-29 19:30:23','1990-06-27 12:58:22'),(17,17,17,'Aliquam nihil quia dolorum dicta est laudantium. Omnis quia maxime sunt quo.','1972-03-20 13:03:50','2014-05-21 15:26:37'),(18,18,18,'Ullam repellendus ut aspernatur rem quidem. Et non impedit ea voluptatem natus.','1978-10-09 23:01:38','1977-03-13 23:12:24'),(19,19,19,'Ut commodi perferendis explicabo veritatis rerum nam et at. Minus incidunt dolorum totam. Et aperiam aspernatur voluptatibus est ut quo molestias. Veniam assumenda neque voluptatem voluptatem ea doloremque sed.','2000-11-17 07:28:43','1973-08-09 09:32:08'),(20,20,20,'Eos totam consequatur accusamus error atque facere id sit. Consequatur est deleniti voluptatem dignissimos eaque consectetur ea. Sunt sit eos dolor eos minima commodi.','1983-06-29 07:55:54','2019-06-11 01:12:46'),(21,21,21,'Quis perspiciatis consequuntur id voluptatem architecto laboriosam. Maxime doloribus inventore vitae consequatur itaque. Quis voluptatem quis ipsum illum facere odio. Omnis sunt quia qui incidunt ipsum doloribus. Ut quos deserunt quas sit magnam.','1979-08-21 19:46:08','1997-09-14 11:28:50'),(22,22,22,'Saepe accusamus culpa molestiae rerum eius et pariatur sint. Cumque in reprehenderit aperiam nesciunt provident nostrum mollitia. Non sint minima tempore consequatur aut consequuntur. Autem eius aliquid quis totam.','1983-02-15 02:37:33','2005-07-17 19:00:13'),(23,23,23,'Consequatur nihil vel recusandae vero deleniti neque. Doloremque et voluptas a explicabo. Laborum ea qui quia earum deleniti.','1973-01-11 19:34:16','2020-10-18 00:03:19'),(24,24,24,'Necessitatibus beatae odio enim numquam impedit voluptatem dolorum. Dolores autem sit aut neque eos aperiam excepturi aut. Officiis quia natus quam reprehenderit.','1979-03-19 16:42:55','2013-08-03 09:45:45'),(25,25,25,'Quo dignissimos quis consequatur laudantium consequatur nam eos delectus. Eius et sunt illo dolore iste ducimus qui cumque. Repellat est harum vel quia.','2021-03-26 01:10:13','2006-11-15 17:22:18'),(26,26,26,'Sequi et architecto aperiam hic id dolorum consequatur. Possimus facilis culpa dicta praesentium veritatis eum. Sed aut voluptatem quia et quasi.','1981-11-05 11:11:45','1972-02-23 12:30:00'),(27,27,27,'Repellat saepe quasi debitis eius quos. Id eligendi adipisci nobis quia quod accusantium enim. Rerum vitae nisi aut ea.','1999-12-13 04:23:23','1988-02-24 03:06:21'),(28,28,28,'Libero molestias quis expedita quia voluptas eligendi. Vero aut odit aut sint ad at alias. Accusantium ut laborum ratione placeat unde impedit aut. Accusamus unde ullam molestiae quia. Quasi quidem autem porro.','1973-03-25 04:48:04','2020-06-07 14:03:01'),(29,29,29,'Quia eligendi voluptatem sed ad dolorum delectus minima. Voluptatem voluptatum magni aut nesciunt qui. Placeat qui quia pariatur officiis sed est fugiat error.','2019-01-29 20:05:50','2005-03-26 19:28:21'),(30,30,30,'Reprehenderit porro mollitia molestiae et incidunt cum. Facilis cumque ut aspernatur itaque consequuntur autem vero. Quis laboriosam vel qui ullam.','1992-04-20 14:30:44','1973-05-16 05:56:08'),(31,31,31,'Qui repellendus perferendis vel officia optio. Dolorem ut in sed voluptatem qui voluptatem id nisi. Rerum sit aspernatur dolorem ut eaque rerum.','1985-05-02 09:59:44','2005-07-21 13:41:35'),(32,32,32,'Aut iste incidunt ut eius illum itaque ea. Deleniti eos a hic quia laborum quis. Autem inventore sint molestiae perferendis culpa. Culpa inventore qui pariatur dolorem doloribus.','1989-05-26 02:49:54','1975-07-10 11:57:43'),(33,33,33,'Est molestias ipsa optio dolores consequatur perspiciatis suscipit dolorem. Ipsam ut odit amet perspiciatis quaerat voluptatem porro. Culpa vel debitis voluptatem earum quis. Sapiente est vel ex hic at.','2004-01-26 18:55:05','1983-03-01 23:39:18'),(34,34,34,'Qui omnis tempora ut culpa tenetur possimus. Cupiditate rerum ut occaecati.','1988-02-11 07:45:06','1973-06-07 17:10:40'),(35,35,35,'Dolore corrupti dolore earum. Quos enim et laudantium. Non sit omnis aliquam ea beatae ut. Distinctio quo quibusdam non nobis.','1995-09-13 22:17:57','1972-12-08 17:10:11'),(36,36,36,'Et sed at et repellat. Sapiente aliquid et necessitatibus blanditiis. Exercitationem molestiae voluptatum molestias ipsam. Nulla ipsa nulla unde voluptate deleniti at voluptas.','1985-10-15 14:47:26','2011-03-20 20:39:44'),(37,37,37,'Dolor beatae eveniet ut id rerum vel et. Accusantium quo corporis delectus ut libero occaecati explicabo.','2006-09-02 23:21:17','1982-03-15 06:55:08'),(38,38,38,'Aut veniam molestiae illum odio labore temporibus id. Quae non voluptas neque quis ea beatae aliquam. Hic libero voluptatem dolorem consequatur.','1978-04-16 02:20:38','1979-02-26 11:27:22'),(39,39,39,'Debitis eaque exercitationem nam asperiores et qui assumenda. Deleniti id eligendi a. Sint nesciunt aut dolore voluptatem ad.','2007-07-22 14:14:42','2018-03-31 11:31:02'),(40,40,40,'Qui natus voluptates ab expedita dolores. Rerum a voluptatum doloremque quod tempora minima omnis. Enim quia blanditiis dolore. At aliquid pariatur incidunt temporibus. Hic illo laudantium aut qui recusandae.','1972-05-05 00:33:40','1977-01-14 21:10:01'),(41,41,41,'Perspiciatis voluptatem mollitia quia quo amet temporibus repellendus. Neque ratione sapiente officiis rerum dolor voluptatem neque. Repellat ut autem dolorem.','2006-01-17 08:08:38','1977-04-13 15:50:14'),(42,42,42,'Fugit nobis recusandae eius suscipit sed. Quibusdam sunt necessitatibus sed aliquid atque dolores. Hic explicabo minima nostrum esse doloremque ut et deserunt.','1989-10-30 00:29:27','1976-06-21 03:10:02'),(43,43,43,'Laboriosam velit rem eum. Suscipit laborum non delectus blanditiis delectus. Ad ex eveniet dolores.','1996-08-14 10:34:46','1981-03-19 18:15:33'),(44,44,44,'Eius magnam et maiores nihil. Atque adipisci enim a quis pariatur eum magnam. Culpa ipsa fugiat esse nam doloremque atque.','1981-09-25 13:41:58','1989-06-06 23:14:17'),(45,45,45,'Minus qui ut enim quisquam quam cupiditate. Sapiente enim at deleniti voluptas dolore id assumenda. Autem officia qui qui rerum.','2015-03-02 17:36:43','2016-02-29 18:34:01'),(46,46,46,'Dolore ad possimus et dolores vero. Dolor consequatur reprehenderit sint inventore. Molestiae nisi quos laborum.','1972-03-11 19:34:23','1980-08-23 03:51:26'),(47,47,47,'Dolore voluptas incidunt et dolore ut aut. Sed itaque numquam occaecati.','1983-06-27 10:50:07','1971-04-13 16:20:05'),(48,48,48,'Eveniet inventore vel qui quia occaecati totam in cumque. Asperiores ducimus maiores facere. Dolorem suscipit expedita corporis esse.','2002-11-22 09:33:21','1984-12-18 16:55:19'),(49,49,49,'Eligendi nemo explicabo amet. Dolores dicta provident consequatur fugit et quaerat dicta. Illo ducimus eaque est.','1995-09-02 17:52:10','1994-10-15 19:11:06'),(50,50,50,'Voluptatum est atque aliquid et et illum est aliquam. Distinctio facere voluptatem laborum et laboriosam.','2008-08-05 16:46:42','1998-06-10 20:55:00'),(51,51,51,'Officia vel ea est. Et consequatur omnis laboriosam. Nihil autem et dignissimos dolor impedit reprehenderit nam.','2003-09-08 18:50:53','1973-07-09 12:38:10'),(52,52,52,'Voluptas consequuntur labore id sunt. Omnis nulla ut et sunt corporis eius nobis. At occaecati enim aut sed.','1999-05-06 12:17:48','1973-10-25 01:07:17'),(53,53,53,'Molestias facere non est sapiente vel. Nam omnis at non consequatur nihil non. Esse et aspernatur voluptate inventore. Beatae omnis voluptas unde sit ipsam accusantium.','1986-12-13 06:27:30','1989-05-19 16:40:42'),(54,54,54,'Asperiores corporis a incidunt voluptatem. Ex dolorem cum recusandae sint cupiditate. Ut iusto qui tempore quam hic tempora dolorem accusamus. Dolorem qui animi et aliquid quibusdam natus. Nobis omnis id non reprehenderit sunt.','2017-11-21 20:43:47','1972-05-07 06:32:11'),(55,55,55,'Occaecati consequatur aut tempora aliquam cupiditate qui esse. Et repellat consequatur voluptatibus et voluptatem. Ab voluptates praesentium culpa quidem non eligendi sit. Earum delectus culpa eos nam.','2003-06-10 02:16:58','1994-12-26 14:26:14'),(56,56,56,'Aut et quia rem architecto libero eligendi nostrum. Nulla sint voluptas eaque quia. Ut rerum nobis voluptates illo nihil aut qui. Est sint quia voluptatem laborum quis voluptatem sit.','1985-09-12 13:15:30','2018-08-18 00:20:05'),(57,57,57,'Qui illum vel maxime adipisci. Quidem vitae aut et. Nesciunt recusandae quo id aperiam et quam quia.','2001-01-19 07:13:48','2008-09-15 09:23:29'),(58,58,58,'Rerum nobis dolore exercitationem vel. Necessitatibus recusandae doloremque harum sint autem.','2003-10-19 01:30:17','2019-09-22 17:05:09'),(59,59,59,'Rem aliquid labore ut fugit a. Tenetur voluptas sed facere quaerat id.','1995-07-28 11:39:48','2012-12-04 01:14:12'),(60,60,60,'A iusto molestiae in tempore dolore. Consequatur iure et sit praesentium illo et quidem. Et veritatis molestias cupiditate quos voluptate veniam.','2010-10-08 10:45:14','1976-06-07 22:22:53'),(61,61,61,'Nostrum occaecati sint odio nihil non. Alias debitis ab veritatis id dolore aut ut. Iusto repellendus architecto cupiditate ipsum. Molestiae est rerum labore repellendus quia ea incidunt.','1993-10-09 10:40:12','2013-06-29 23:42:19'),(62,62,62,'Nulla esse ullam tempora ut ut minima rerum. Eius architecto sit adipisci nulla omnis eveniet tempora. Expedita impedit animi eos eligendi molestiae sed.','1979-03-21 12:56:05','2014-05-09 22:03:09'),(63,63,63,'Nam commodi atque blanditiis. Magnam possimus qui impedit. Quaerat commodi facere quaerat consectetur repellendus. Minus atque cum dolor reiciendis voluptatem et minima et.','1976-02-21 20:56:17','1976-05-12 23:57:03'),(64,64,64,'Et optio id quod aut magni incidunt at. Quia eligendi eum nemo illum beatae sit. At fuga dolor sunt quas quae. Ea inventore ab enim sequi.','1980-08-14 00:46:43','2017-05-23 06:10:19'),(65,65,65,'Quasi eos ea nihil ad et ipsa. Laudantium velit eum corporis aut et asperiores nihil. Et autem ipsa blanditiis commodi facere excepturi aut id. Provident quia illum atque qui ullam explicabo est. Aut et eaque fugiat cum quisquam inventore.','1986-04-01 16:37:02','2007-05-20 08:45:16'),(66,66,66,'Hic voluptatibus ducimus itaque ut laboriosam. Odit est mollitia et. Voluptatem et sit quisquam rerum sed neque.','1993-05-17 23:20:17','1992-03-26 18:23:34'),(67,67,67,'Odio quis et ad fugit. Ut occaecati sed ipsam provident suscipit sit voluptatum. Ut rerum est neque perspiciatis.','2011-05-10 03:09:53','1993-10-05 11:51:53'),(68,68,68,'Similique eveniet natus aut dignissimos. Error et sed velit dolorem. Ut voluptatum voluptates similique earum quis aliquid quis.','2008-07-02 18:27:05','1974-06-11 23:44:41'),(69,69,69,'Itaque hic laborum laboriosam et recusandae eum esse reprehenderit. Adipisci repellat necessitatibus fuga cum alias. Quis officiis sint veniam.','1990-12-10 20:58:59','1975-06-10 21:54:05'),(70,70,70,'Qui totam temporibus qui rerum. Aut sapiente est suscipit sed doloribus non. Nostrum qui enim omnis sit nisi repellendus. Consequatur iusto non velit totam consequatur ipsa voluptas.','2008-09-15 04:12:52','1974-07-23 10:44:47'),(71,71,71,'Blanditiis et vero libero cupiditate quae quis. Quis culpa et ducimus et est dolorum rerum est. Sit aut quia qui autem animi et voluptatibus. Hic dolorem quia eos earum. Maxime modi similique ipsa praesentium fugiat provident quia.','2005-09-25 03:05:01','1973-11-10 13:49:48'),(72,72,72,'Eos provident enim quo excepturi iure vitae. Ipsa aliquam debitis sequi eaque quo ex numquam autem. Vel architecto delectus accusamus necessitatibus illo veniam. Illum quia veniam neque et voluptatem.','1986-03-04 03:00:40','1992-11-18 01:59:38'),(73,73,73,'Ad officia dolor est consectetur quam sit. Magni et tempora ea reiciendis nihil qui asperiores fugiat. Voluptatum dicta voluptas eaque iusto inventore itaque natus.','1984-11-13 16:21:06','2002-12-09 13:05:50'),(74,74,74,'Ut praesentium excepturi veritatis autem. Repellat veritatis omnis rem optio iste nam earum. Doloremque recusandae a qui officiis. Necessitatibus rerum blanditiis aut fuga ut sit.','1998-09-02 14:10:47','1989-01-05 20:35:34'),(75,75,75,'Eaque nam sapiente cumque sequi. Ut quo doloremque omnis omnis aut eum enim. Labore facere aut repellendus quo. Minus iusto enim qui laudantium.','2009-01-15 08:52:16','2012-07-18 10:17:26'),(76,76,76,'Unde natus voluptatum architecto ea. Iste non sit dolore ipsa et odio quidem. Porro molestias quas voluptatum voluptatum maiores ratione. Sunt eos nihil esse non iure vero hic.','1997-01-30 06:10:54','2001-01-09 04:34:11'),(77,77,77,'Ipsam dicta rerum itaque quas. Nostrum fuga fuga architecto eius. Distinctio doloribus in dolores. Pariatur nihil excepturi quaerat consequatur in quo. Eum mollitia corrupti possimus ut aut omnis recusandae.','2017-03-01 02:59:19','1982-04-12 17:50:00'),(78,78,78,'Itaque optio reiciendis natus non dolor mollitia doloremque perspiciatis. Illum quis fugiat eveniet beatae. Est consequatur animi quia et ut modi.','1998-09-29 23:42:58','2000-07-20 03:39:07'),(79,79,79,'Architecto voluptatem suscipit nemo voluptates. Et itaque repellendus minima nihil sint et.','2007-08-09 04:40:08','1976-09-21 19:38:04'),(80,80,80,'Nam rerum a autem tenetur voluptatem modi. Esse repellat laboriosam earum qui inventore quas non sed. Assumenda nihil eos commodi provident voluptates laboriosam.','1980-10-26 04:59:25','1998-04-11 13:53:27'),(81,81,81,'Dolorem velit nulla autem eos. Voluptatum quaerat possimus tenetur. Velit recusandae laudantium fuga modi.','1980-12-07 00:11:15','2011-09-03 08:52:17'),(82,82,82,'Non fuga laborum molestias ratione. Non eos optio nemo et quisquam doloremque. Eos et aspernatur asperiores quam debitis et id. Iste eos aut minima eum cumque aliquam.','2010-12-02 13:23:48','1983-03-02 23:31:50'),(83,83,83,'Sunt dolore aut cumque molestias. Nihil soluta velit debitis accusantium sit. Autem sit non commodi ut veniam quas. Libero deserunt voluptatem debitis vel. Pariatur amet occaecati natus recusandae.','1987-06-10 17:06:41','2021-01-12 08:06:07'),(84,84,84,'Modi enim corrupti et at nulla sit et. Ipsa ea sunt assumenda quas adipisci quam aut inventore. Architecto nemo quas totam voluptatem aliquam. Voluptatem illum voluptas non dolores est voluptas voluptate quas.','1995-12-18 10:54:54','2014-08-02 22:32:35'),(85,85,85,'Molestias placeat reiciendis rerum aut necessitatibus ut voluptas. Vel laborum et aperiam molestiae.','1994-07-15 22:59:40','2005-09-29 04:36:48'),(86,86,86,'Expedita occaecati soluta animi. Quia beatae dolore optio et voluptas. Et inventore dolorum quasi vel praesentium.','1993-08-11 18:09:49','1977-07-17 20:31:58'),(87,87,87,'Voluptas consequatur alias veritatis blanditiis impedit nobis. Est distinctio provident maiores sequi. Porro est corrupti esse voluptatem. Qui natus velit illum.','1976-03-27 19:11:34','2001-06-16 21:37:39'),(88,88,88,'Corporis perspiciatis voluptas quasi natus. Autem ipsa aut rerum voluptatibus ipsa laudantium omnis. Magni reprehenderit impedit cumque.','1984-10-23 02:16:39','2006-03-12 07:32:53'),(89,89,89,'Minima sit sequi velit. Sit veniam sunt fugiat rerum dolorem perspiciatis. Cum enim et placeat a.','1983-10-06 13:23:57','1981-08-14 07:55:34'),(90,90,90,'Doloribus ut debitis quos aut. Omnis repudiandae consequatur voluptas eum veniam omnis est. Omnis similique omnis voluptatum aut assumenda recusandae ipsam.','2007-06-14 07:22:49','1999-03-31 16:37:52'),(91,91,91,'Placeat quis aut dolorem repellendus ut sequi. Et deserunt magnam maiores laboriosam minus. Ipsum deleniti quia officiis praesentium inventore sit. Consequatur qui rem tenetur.','1999-04-17 05:47:44','1997-06-01 19:10:29'),(92,92,92,'Id accusantium sapiente et qui. Aut quis est id in harum. Est saepe ad at est. Fuga impedit est qui beatae.','2000-04-16 18:37:58','2021-03-05 05:29:45'),(93,93,93,'Consequuntur quia ipsam a atque sed. Nam nulla eaque quo porro iusto sed. Non id aut et at.','2008-07-04 03:49:55','1976-11-25 10:21:40'),(94,94,94,'Iure dignissimos ea voluptatibus. Quis consectetur occaecati necessitatibus et quod aut officiis. Quia asperiores quod facilis delectus officia fugit. Occaecati et est veniam cum debitis.','1980-02-17 04:21:13','2011-09-18 11:28:36'),(95,95,95,'Sapiente voluptatem sit temporibus maiores ut exercitationem dignissimos. Blanditiis sit officiis voluptas labore. Quia minus et esse impedit sapiente.','2007-06-03 15:25:02','2013-08-02 07:18:10'),(96,96,96,'Necessitatibus fuga reiciendis qui et laboriosam. Explicabo perferendis quis et voluptatem incidunt. Maiores officia labore vero voluptatem.','2011-07-23 14:24:12','1990-06-02 20:23:20'),(97,97,97,'Aliquam laboriosam et qui debitis veritatis suscipit libero. Est est recusandae et ea. Rem quibusdam incidunt dolores animi deleniti qui eveniet aut.','2013-06-13 07:28:41','1999-08-24 22:05:05'),(98,98,98,'Iure incidunt qui neque enim in. Ex alias voluptas nemo impedit temporibus assumenda minus. Nam sunt aliquid quos numquam ut qui delectus.','2006-05-30 12:34:57','2014-07-11 04:57:17'),(99,99,99,'Vel quia incidunt dignissimos quod quae omnis praesentium. Iusto ex rerum ut nisi doloribus tempore.','2006-07-29 14:17:57','1970-03-23 01:36:01'),(100,100,100,'Iusto quos deserunt necessitatibus aut quibusdam et. Ullam qui dolorem consequatur est tenetur perferendis aut velit. Sint voluptate impedit id assumenda exercitationem nam. Voluptatum commodi omnis excepturi molestiae est.','1986-08-30 21:20:46','1991-11-03 08:06:06');
/*!40000 ALTER TABLE `posts_comments` ENABLE KEYS */;
UNLOCK TABLES;

--
-- Table structure for table `posts_reactions`
--

DROP TABLE IF EXISTS `posts_reactions`;
/*!40101 SET @saved_cs_client     = @@character_set_client */;
/*!50503 SET character_set_client = utf8mb4 */;
CREATE TABLE `posts_reactions` (
  `id` int unsigned NOT NULL AUTO_INCREMENT COMMENT 'Идентификатор строки',
  `post_id` int unsigned NOT NULL COMMENT 'Ссылка на пост',
  `reaction_type_id` int unsigned NOT NULL COMMENT 'Ссылка на тип реакции',
  `created_at` datetime DEFAULT CURRENT_TIMESTAMP COMMENT 'Время создания строки',
  `updated_at` datetime DEFAULT CURRENT_TIMESTAMP ON UPDATE CURRENT_TIMESTAMP COMMENT 'Время обновления строки',
  `from_user_id` int unsigned NOT NULL,
  PRIMARY KEY (`id`),
  KEY `fk_post_reaction_id` (`post_id`),
  KEY `fk_post_reaction_type_id` (`reaction_type_id`),
  KEY `fk_post_reaction_user` (`from_user_id`),
  CONSTRAINT `fk_post_reaction_id` FOREIGN KEY (`post_id`) REFERENCES `posts` (`id`),
  CONSTRAINT `fk_post_reaction_type_id` FOREIGN KEY (`reaction_type_id`) REFERENCES `reaction_types` (`id`),
  CONSTRAINT `fk_post_reaction_user` FOREIGN KEY (`from_user_id`) REFERENCES `users` (`id`)
) ENGINE=InnoDB AUTO_INCREMENT=201 DEFAULT CHARSET=utf8mb4 COLLATE=utf8mb4_0900_ai_ci COMMENT='Таблица для хранения реакций на посты';
/*!40101 SET character_set_client = @saved_cs_client */;

--
-- Dumping data for table `posts_reactions`
--

LOCK TABLES `posts_reactions` WRITE;
/*!40000 ALTER TABLE `posts_reactions` DISABLE KEYS */;
INSERT INTO `posts_reactions` VALUES (1,1,1,'1972-01-21 10:29:38','1976-08-29 02:58:01',1),(2,2,2,'2007-12-02 03:02:08','2001-03-06 00:35:32',2),(3,3,1,'1993-06-22 11:11:27','2014-05-19 06:49:43',3),(4,4,2,'2013-08-08 11:52:08','2008-12-15 22:34:25',4),(5,5,1,'2010-07-30 07:18:48','2013-11-14 06:53:27',5),(6,6,2,'2011-07-03 07:00:07','1993-06-27 04:40:54',6),(7,7,1,'1986-12-15 20:18:43','1972-07-12 16:39:50',7),(8,8,2,'1984-03-26 08:24:41','1974-09-29 18:41:29',8),(9,9,1,'1976-02-14 06:42:17','1997-08-06 00:42:58',9),(10,10,2,'1997-04-16 13:14:28','1992-12-14 22:51:48',10),(11,11,1,'1975-12-18 04:56:33','1982-10-03 18:47:13',11),(12,12,2,'1971-04-29 15:19:35','2019-10-14 10:09:35',12),(13,13,1,'1982-08-29 11:09:20','2010-12-22 23:50:19',13),(14,14,2,'2000-04-18 05:03:26','1990-01-21 09:49:22',14),(15,15,1,'2013-08-14 03:52:02','1993-06-25 21:21:56',15),(16,16,2,'2014-01-12 09:52:36','2003-08-07 13:32:22',16),(17,17,1,'1970-06-02 15:27:49','1993-02-21 08:57:40',17),(18,18,2,'1976-11-07 10:34:17','1991-05-08 22:26:32',18),(19,19,1,'2018-01-01 04:54:25','1974-01-13 09:00:57',19),(20,20,2,'1982-01-11 10:15:29','1987-03-03 08:29:03',20),(21,21,1,'2001-04-29 19:30:36','1983-03-18 19:16:52',21),(22,22,2,'2006-03-05 04:26:02','1970-08-13 14:23:52',22),(23,23,1,'2017-06-19 10:33:47','1977-02-18 11:09:25',23),(24,24,2,'2000-10-07 20:50:39','1974-03-18 00:30:43',24),(25,25,1,'2005-07-06 13:46:44','2019-01-18 03:24:57',25),(26,26,2,'1993-09-11 09:45:22','1987-09-25 21:11:30',26),(27,27,1,'1993-09-12 04:17:24','1975-01-10 22:44:13',27),(28,28,2,'1982-04-23 15:11:10','2003-01-25 23:37:55',28),(29,29,1,'1972-07-24 17:54:39','2012-10-09 08:16:56',29),(30,30,2,'1998-01-02 06:19:27','2004-02-09 00:13:58',30),(31,31,1,'1972-02-25 20:20:41','1990-02-18 02:19:34',31),(32,32,2,'2008-12-13 04:54:25','2017-06-09 19:36:50',32),(33,33,1,'2003-03-07 21:55:42','1994-09-09 13:10:36',33),(34,34,2,'2014-06-15 11:46:04','2010-09-25 17:28:02',34),(35,35,1,'2000-01-30 06:02:02','1987-09-20 13:01:31',35),(36,36,2,'2018-01-13 22:18:26','2011-06-06 20:37:12',36),(37,37,1,'1987-07-06 18:02:34','2007-12-10 10:39:09',37),(38,38,2,'1983-11-26 14:37:22','1988-12-12 18:53:29',38),(39,39,1,'2019-06-10 06:12:12','1991-05-30 17:30:16',39),(40,40,2,'2000-04-03 21:29:47','1988-03-31 14:19:53',40),(41,41,1,'2017-11-01 14:38:32','1980-08-03 17:04:42',41),(42,42,2,'1988-06-02 22:52:31','2008-11-28 04:09:24',42),(43,43,1,'2008-03-24 08:35:30','1975-02-28 21:32:22',43),(44,44,2,'2014-02-04 17:40:09','1973-11-24 23:54:02',44),(45,45,1,'1971-11-13 03:28:30','1974-07-21 11:35:09',45),(46,46,2,'1977-07-15 12:11:17','1990-04-26 16:17:18',46),(47,47,1,'2015-04-07 08:48:55','2009-02-22 10:32:04',47),(48,48,2,'1977-05-29 12:43:36','1976-07-07 23:14:58',48),(49,49,1,'1983-04-25 14:24:16','2003-01-05 23:49:41',49),(50,50,2,'2000-04-13 18:18:42','1973-11-22 15:44:09',50),(51,51,1,'2009-04-05 06:03:43','2004-08-16 01:23:34',51),(52,52,2,'1991-12-07 23:32:18','1991-01-31 23:25:09',52),(53,53,1,'1992-06-28 16:35:01','1987-06-07 06:56:58',53),(54,54,2,'1995-05-04 18:49:14','2003-01-25 15:34:39',54),(55,55,1,'2018-08-19 20:45:02','1981-09-11 11:14:54',55),(56,56,2,'2016-06-14 12:51:55','1985-04-06 23:33:46',56),(57,57,1,'1975-12-15 15:43:52','2001-11-09 12:38:56',57),(58,58,2,'1978-11-26 14:04:47','1981-01-29 05:12:26',58),(59,59,1,'2002-08-20 01:46:21','1981-04-05 08:16:21',59),(60,60,2,'2001-01-10 12:28:46','2000-12-04 03:29:17',60),(61,61,1,'1974-08-09 14:43:37','1974-06-29 20:36:39',61),(62,62,2,'1987-07-04 10:31:11','1979-11-15 23:51:28',62),(63,63,1,'2011-10-30 00:00:58','1999-12-24 15:37:50',63),(64,64,2,'2000-01-04 12:04:43','2003-07-29 22:45:05',64),(65,65,1,'2003-10-27 07:48:45','1993-09-12 18:19:49',65),(66,66,2,'1990-04-06 21:46:43','2018-03-01 07:48:00',66),(67,67,1,'1979-01-30 22:45:33','1975-03-04 01:52:58',67),(68,68,2,'2010-09-12 05:45:27','2014-12-11 23:55:01',68),(69,69,1,'1970-01-04 13:06:06','1996-07-06 05:29:59',69),(70,70,2,'2014-09-07 10:43:40','2002-11-11 01:35:48',70),(71,71,1,'1997-12-02 16:41:42','2005-11-23 05:13:57',71),(72,72,2,'2020-10-12 01:01:40','1977-06-01 15:00:53',72),(73,73,1,'2002-09-27 08:51:24','1977-12-31 03:20:55',73),(74,74,2,'2010-08-11 13:46:15','2020-03-30 07:44:54',74),(75,75,1,'1981-03-21 03:29:31','2007-10-11 06:19:14',75),(76,76,2,'2007-07-08 08:42:55','1981-04-08 04:05:57',76),(77,77,1,'1992-02-14 10:23:32','2020-08-19 05:22:20',77),(78,78,2,'1999-04-22 04:38:11','1992-03-28 05:41:07',78),(79,79,1,'2004-07-25 14:10:08','1975-12-19 22:17:49',79),(80,80,2,'2009-01-15 12:22:29','1993-12-02 10:26:57',80),(81,81,1,'1984-03-05 08:19:28','1978-08-29 01:23:23',81),(82,82,2,'1980-09-27 03:18:06','2006-09-18 02:03:59',82),(83,83,1,'2008-07-16 06:53:56','1997-10-12 22:05:57',83),(84,84,2,'2014-02-26 10:28:29','1972-11-19 01:35:44',84),(85,85,1,'2003-03-16 16:44:32','2007-09-17 10:48:11',85),(86,86,2,'1981-04-30 17:09:25','1998-01-19 15:17:47',86),(87,87,1,'2015-01-27 21:19:53','1994-07-22 17:17:35',87),(88,88,2,'1976-08-24 01:03:39','1979-04-19 13:17:29',88),(89,89,1,'1997-12-03 18:15:04','1976-02-17 18:08:58',89),(90,90,2,'1974-08-01 12:32:08','2018-06-30 21:44:45',90),(91,91,1,'1975-05-31 18:09:33','2015-12-21 18:23:35',91),(92,92,2,'2004-07-17 13:10:04','1993-07-02 19:33:18',92),(93,93,1,'1982-05-05 22:43:15','1989-07-24 11:56:49',93),(94,94,2,'2020-02-20 12:26:44','1997-02-06 02:03:13',94),(95,95,1,'2006-09-29 01:15:03','1990-09-08 20:13:18',95),(96,96,2,'1993-04-03 19:38:50','2011-08-17 22:39:00',96),(97,97,1,'1970-07-30 18:37:40','2016-06-17 08:48:53',97),(98,98,2,'1991-02-23 03:16:32','2006-10-13 09:36:50',98),(99,99,1,'2019-10-12 12:56:27','2005-04-28 21:11:09',99),(100,100,2,'1976-03-05 21:30:09','1978-12-24 09:03:20',100),(101,101,1,'1990-05-11 06:13:43','2000-01-07 22:50:29',1),(102,102,2,'1998-03-04 16:28:37','2010-04-20 09:34:04',2),(103,103,1,'1978-07-08 19:55:34','1980-03-19 01:21:41',3),(104,104,2,'1970-12-13 21:58:48','1990-08-28 12:27:06',4),(105,105,1,'1971-12-08 18:40:52','2015-07-06 11:03:28',5),(106,106,2,'1979-12-09 11:30:06','2014-08-17 04:04:25',6),(107,107,1,'1988-05-04 10:50:26','2014-01-26 15:11:08',7),(108,108,2,'1991-04-08 09:51:47','2006-07-20 12:24:05',8),(109,109,1,'2017-09-26 14:53:16','1993-10-19 11:02:02',9),(110,110,2,'1988-06-11 16:39:46','1993-02-25 11:50:28',10),(111,111,1,'2006-11-12 22:34:41','1974-09-13 17:20:06',11),(112,112,2,'1988-01-12 04:03:20','1990-12-02 12:26:50',12),(113,113,1,'1989-11-30 16:43:44','1998-09-21 14:53:21',13),(114,114,2,'1975-02-25 06:20:34','1995-08-28 10:09:17',14),(115,115,1,'1977-02-22 01:50:26','1978-01-23 03:25:14',15),(116,116,2,'1996-11-13 19:50:30','2003-10-07 05:55:19',16),(117,117,1,'1972-09-09 20:17:52','2015-12-25 17:21:15',17),(118,118,2,'2019-07-27 09:48:47','1999-12-30 13:09:39',18),(119,119,1,'2008-07-04 13:44:07','1997-08-08 02:09:13',19),(120,120,2,'1971-01-27 19:54:00','2015-03-25 07:39:43',20),(121,121,1,'1995-03-24 21:10:09','2017-09-16 01:28:52',21),(122,122,2,'1994-12-14 05:20:48','1982-10-16 04:27:40',22),(123,123,1,'1974-07-13 09:04:59','2007-11-23 04:49:47',23),(124,124,2,'1977-01-13 14:55:18','2007-06-24 16:53:01',24),(125,125,1,'2014-09-30 01:06:46','1987-05-13 06:09:09',25),(126,126,2,'2007-03-12 15:09:08','2012-09-17 02:52:21',26),(127,127,1,'2005-01-04 06:38:10','2006-02-06 03:55:04',27),(128,128,2,'1988-11-20 06:25:40','1998-03-13 01:45:07',28),(129,129,1,'1991-04-02 21:09:44','1971-02-13 17:18:00',29),(130,130,2,'1994-09-06 16:36:16','1996-04-13 03:43:27',30),(131,131,1,'2020-08-06 00:27:19','1978-03-09 21:51:50',31),(132,132,2,'2019-12-14 03:49:11','2020-11-06 01:53:40',32),(133,133,1,'1994-09-22 12:41:12','2019-04-10 23:32:30',33),(134,134,2,'2019-04-08 07:19:16','2018-02-08 13:44:04',34),(135,135,1,'1976-10-17 11:41:45','1973-08-05 00:02:16',35),(136,136,2,'1974-09-03 13:49:34','2012-10-01 14:31:08',36),(137,137,1,'1970-01-10 20:49:49','2004-10-21 00:37:03',37),(138,138,2,'1978-04-05 09:19:39','1993-09-16 06:36:19',38),(139,139,1,'1985-08-30 07:39:18','1988-11-05 05:11:14',39),(140,140,2,'1970-10-18 17:37:02','1997-10-23 15:35:59',40),(141,141,1,'2001-11-04 20:20:20','1989-02-21 07:31:39',41),(142,142,2,'1976-03-07 19:37:36','1984-07-13 03:32:51',42),(143,143,1,'2007-10-20 15:37:30','1979-06-07 18:56:29',43),(144,144,2,'1984-11-20 14:19:48','2001-10-10 05:09:24',44),(145,145,1,'1992-06-13 09:05:03','1990-06-02 04:53:50',45),(146,146,2,'1971-03-11 12:59:20','2001-09-10 19:17:37',46),(147,147,1,'1982-04-02 02:27:51','2003-09-26 09:53:36',47),(148,148,2,'2002-09-02 05:32:48','2015-06-28 21:01:47',48),(149,149,1,'2011-06-24 02:20:36','2002-01-24 03:24:14',49),(150,150,2,'1973-12-17 06:27:09','2018-06-19 20:11:55',50),(151,1,1,'1987-06-30 23:52:09','2010-09-07 15:01:56',51),(152,2,2,'1994-10-28 08:48:56','2021-02-18 10:39:46',52),(153,3,1,'2003-07-15 00:55:49','1973-07-12 14:57:26',53),(154,4,2,'2019-11-13 22:05:41','1985-07-24 13:05:03',54),(155,5,1,'2017-10-23 16:20:31','1998-07-14 07:58:44',55),(156,6,2,'1986-01-18 06:57:53','2019-07-20 14:24:24',56),(157,7,1,'2002-05-23 11:34:42','1997-05-24 01:24:05',57),(158,8,2,'1985-03-11 10:21:14','2017-09-23 00:05:57',58),(159,9,1,'1980-02-05 02:25:24','1980-07-30 08:59:12',59),(160,10,2,'2004-09-01 01:38:36','1982-07-03 07:22:55',60),(161,11,1,'1970-08-23 19:37:00','2017-10-23 20:43:38',61),(162,12,2,'2010-08-17 13:09:23','1978-07-02 00:30:30',62),(163,13,1,'1972-05-01 19:28:24','1993-04-17 12:48:10',63),(164,14,2,'1976-01-16 21:46:53','1973-04-16 21:13:40',64),(165,15,1,'2000-09-07 06:06:30','2015-03-17 09:21:17',65),(166,16,2,'1999-04-23 00:33:53','1974-09-15 16:07:27',66),(167,17,1,'1974-03-09 21:59:52','1983-01-14 20:41:24',67),(168,18,2,'2016-12-14 22:40:15','2014-08-22 12:08:29',68),(169,19,1,'1986-08-21 19:27:54','1978-05-14 20:05:50',69),(170,20,2,'1984-08-01 11:36:00','1994-02-01 07:49:59',70),(171,21,1,'2002-01-13 23:04:04','2018-07-11 07:47:52',71),(172,22,2,'1993-02-13 19:46:38','1988-06-21 19:11:13',72),(173,23,1,'1988-08-25 22:29:28','1971-07-31 16:55:18',73),(174,24,2,'2018-01-26 01:29:05','2012-02-23 18:31:06',74),(175,25,1,'1999-04-25 21:22:03','1971-08-27 20:09:15',75),(176,26,2,'2014-07-02 13:44:59','2020-06-22 08:09:40',76),(177,27,1,'1981-01-22 03:37:28','1999-12-09 12:25:40',77),(178,28,2,'2006-07-26 00:39:09','2017-10-15 01:39:17',78),(179,29,1,'2001-11-10 11:25:03','2001-07-01 07:55:30',79),(180,30,2,'2006-07-06 10:09:45','1973-11-02 20:18:51',80),(181,31,1,'1992-05-15 07:42:33','2004-04-20 04:46:05',81),(182,32,2,'1997-05-06 10:28:39','1998-08-02 22:54:11',82),(183,33,1,'2017-12-16 15:35:36','1993-12-27 17:40:08',83),(184,34,2,'1973-09-03 16:29:07','1995-06-20 02:07:23',84),(185,35,1,'1998-08-20 00:19:34','1975-12-26 00:07:53',85),(186,36,2,'2013-10-15 11:23:20','2011-06-01 12:58:03',86),(187,37,1,'1977-07-02 03:28:28','2016-09-04 02:24:10',87),(188,38,2,'1971-12-26 22:12:25','2001-12-27 14:59:56',88),(189,39,1,'1971-06-18 22:30:34','1974-10-10 01:36:02',89),(190,40,2,'1988-09-09 06:59:22','2014-12-05 15:56:12',90),(191,41,1,'1991-08-02 14:39:54','1992-02-24 09:02:10',91),(192,42,2,'1990-12-22 11:50:08','1995-10-28 01:47:31',92),(193,43,1,'2005-02-28 03:20:53','2005-12-06 02:13:18',93),(194,44,2,'2006-06-05 17:42:20','2019-10-30 01:31:10',94),(195,45,1,'2013-08-05 10:46:26','1987-07-02 19:10:42',95),(196,46,2,'1971-08-03 11:48:56','1991-02-09 13:02:41',96),(197,47,1,'1983-03-29 03:37:55','1971-10-21 07:59:51',97),(198,48,2,'2017-12-10 01:36:59','2011-11-08 13:02:29',98),(199,49,1,'1988-11-22 03:38:18','2000-08-28 12:47:02',99),(200,50,2,'2001-11-17 10:17:45','2016-08-13 20:04:00',100);
/*!40000 ALTER TABLE `posts_reactions` ENABLE KEYS */;
UNLOCK TABLES;

--
-- Table structure for table `profiles`
--

DROP TABLE IF EXISTS `profiles`;
/*!40101 SET @saved_cs_client     = @@character_set_client */;
/*!50503 SET character_set_client = utf8mb4 */;
CREATE TABLE `profiles` (
  `user_id` int unsigned NOT NULL COMMENT 'Ссылка на пользователя',
  `gender` char(1) NOT NULL COMMENT 'Пол',
  `birthday` date DEFAULT NULL COMMENT 'Дата рождения',
  `city` varchar(130) DEFAULT NULL COMMENT 'Город проживания',
  `country` varchar(130) DEFAULT NULL COMMENT 'Страна проживания',
  `created_at` datetime DEFAULT CURRENT_TIMESTAMP COMMENT 'Время создания строки',
  `updated_at` datetime DEFAULT CURRENT_TIMESTAMP ON UPDATE CURRENT_TIMESTAMP COMMENT 'Время обновления строки',
  `media_id` int unsigned DEFAULT NULL,
  PRIMARY KEY (`user_id`),
  KEY `fk_profiles_media_id` (`media_id`),
  CONSTRAINT `fk_profiles_media_id` FOREIGN KEY (`media_id`) REFERENCES `media` (`id`),
  CONSTRAINT `fk_profiles_users` FOREIGN KEY (`user_id`) REFERENCES `users` (`id`)
) ENGINE=InnoDB DEFAULT CHARSET=utf8mb4 COLLATE=utf8mb4_0900_ai_ci COMMENT='Профили';
/*!40101 SET character_set_client = @saved_cs_client */;

--
-- Dumping data for table `profiles`
--

LOCK TABLES `profiles` WRITE;
/*!40000 ALTER TABLE `profiles` DISABLE KEYS */;
INSERT INTO `profiles` VALUES (1,'1','1991-07-14','Madelinemouth','Antigua and Barbuda','1984-02-21 17:55:01','1999-02-20 13:21:47',1),(2,'2','1981-06-05','Kaileyville','Belgium','1983-07-14 14:59:21','2012-02-20 11:04:29',2),(3,'2','1993-10-31','Kundeton','French Polynesia','1981-11-18 18:53:12','1991-10-04 23:46:16',3),(4,'2','2003-07-16','Port Darlene','Wallis and Futuna','2012-08-19 13:46:30','1992-12-14 17:49:27',4),(5,'1','2003-08-13','Eldamouth','Swaziland','1997-05-13 21:51:40','2015-04-03 20:10:46',5),(6,'2','1978-07-04','South Nikki','Uganda','2004-11-09 17:48:16','1987-11-07 23:34:58',6),(7,'2','1996-09-20','Lake Dolores','Brazil','2012-08-14 04:35:04','2004-06-10 07:03:30',7),(8,'1','1972-01-18','DuBuquemouth','Pitcairn Islands','1995-09-05 19:25:02','2001-06-12 20:59:26',8),(9,'2','1977-08-22','Jastmouth','Slovenia','2019-11-04 01:54:37','1975-10-02 02:35:22',9),(10,'2','2009-08-29','Heavenmouth','Cape Verde','2008-01-02 02:38:19','1981-05-14 03:45:57',10),(11,'1','2019-01-30','New Kellie','Jersey','1974-01-10 09:51:37','1971-09-15 06:25:04',11),(12,'2','2003-10-06','East Ethanland','Guam','1984-09-08 11:30:56','2000-05-26 08:05:52',12),(13,'1','2012-04-25','East Vernabury','Croatia','1982-06-14 06:20:20','1990-09-27 17:35:25',13),(14,'2','1991-05-28','Itzelfurt','Eritrea','1976-03-07 18:45:08','1974-09-28 01:33:08',14),(15,'2','2002-08-22','Bessieport','New Caledonia','2010-11-26 04:34:10','1975-10-29 02:56:02',15),(16,'1','1996-04-03','West Corbinview','Burundi','2006-12-02 09:52:32','2000-09-18 18:50:51',16),(17,'1','1991-08-19','Jillianfurt','Andorra','2006-01-05 13:46:23','2004-10-18 02:43:46',17),(18,'1','2015-06-28','Schuylerhaven','United Kingdom','1998-05-23 15:23:56','2014-12-08 20:09:37',18),(19,'2','1987-03-24','North Jazlyn','Belize','1999-07-04 03:44:03','2004-04-18 19:49:42',19),(20,'1','1993-04-04','New Cleta','Sao Tome and Principe','2020-08-08 16:23:08','2000-09-04 05:13:51',20),(21,'2','1999-07-01','Port Jamaal','Northern Mariana Islands','1970-05-21 22:33:24','1994-07-03 06:37:21',21),(22,'1','2013-05-13','Baileyborough','Western Sahara','1991-05-15 04:56:35','1998-09-01 14:18:48',22),(23,'2','1981-07-28','Schowalterfurt','Libyan Arab Jamahiriya','1976-12-30 07:30:59','1976-10-10 07:28:14',23),(24,'1','1975-03-05','South Sarai','Cayman Islands','1987-04-04 15:11:51','2011-11-08 02:41:38',24),(25,'2','1992-05-31','Ricostad','Macedonia','2004-04-29 12:29:14','2006-08-18 18:11:04',25),(26,'1','2004-01-25','South Gilbertofurt','Niger','2017-01-19 10:18:43','2006-05-13 15:26:53',26),(27,'2','2002-03-26','Alvischester','Haiti','1989-09-17 22:35:15','1986-07-07 01:49:32',27),(28,'2','2012-05-31','Hanehaven','Cameroon','1981-04-22 05:10:57','1974-04-17 10:28:12',28),(29,'1','2013-05-31','Linnieview','Chile','1986-04-23 13:27:44','2010-11-07 19:35:29',29),(30,'1','1972-09-06','South Bridie','Montenegro','1994-08-10 08:44:29','1980-07-03 07:59:38',30),(31,'1','1987-01-27','Port Tyson','Libyan Arab Jamahiriya','1997-05-11 22:03:44','2013-04-24 21:46:47',31),(32,'1','2004-03-09','West Myron','Nepal','1989-11-25 22:26:57','2010-09-26 14:53:31',32),(33,'2','1986-12-08','East Bellatown','Mauritania','2000-02-02 21:37:48','2014-11-03 20:55:14',33),(34,'2','1975-05-05','Earnestineland','United States Virgin Islands','2016-07-19 13:38:02','1975-01-24 08:44:15',34),(35,'2','2012-01-06','South Preston','Nicaragua','1987-01-04 00:42:28','1972-07-21 06:12:21',35),(36,'1','1981-01-02','Ernestinastad','Finland','1994-02-21 15:49:58','1987-12-02 23:36:20',36),(37,'1','1984-05-11','North Elmore','Vanuatu','1970-05-08 06:42:44','2009-09-25 08:23:20',37),(38,'2','2012-11-29','Zulaufville','Tuvalu','1992-02-05 07:30:56','1990-10-03 04:53:19',38),(39,'2','1997-03-31','Thompsonland','Sao Tome and Principe','2014-11-21 20:27:45','2014-11-19 14:40:28',39),(40,'1','2003-12-19','West Kirstin','French Guiana','1974-05-10 23:34:38','1999-10-04 01:23:52',40),(41,'2','1996-12-01','South Sidney','Guinea-Bissau','1999-01-22 21:27:23','2014-10-02 11:41:03',41),(42,'2','1990-07-24','Violettehaven','Norfolk Island','2005-10-26 11:36:26','1982-11-30 18:53:18',42),(43,'2','1991-01-15','Port Florinebury','Belize','2000-12-06 00:05:22','1992-12-06 04:05:52',43),(44,'1','2016-02-07','West Emilia','Poland','1992-02-15 12:26:19','1998-06-21 22:52:40',44),(45,'2','1974-08-07','East Soniaborough','Cocos (Keeling) Islands','1996-01-21 00:16:48','1970-03-13 23:02:59',45),(46,'1','2002-07-09','East Kristina','India','1987-10-12 12:19:00','2021-01-31 22:35:39',46),(47,'1','1974-10-03','Lake Eloise','Zambia','1994-03-06 04:53:26','1981-04-06 01:28:27',47),(48,'2','2001-10-11','New Vidalberg','United Arab Emirates','1995-10-09 16:34:10','2007-06-27 17:52:02',48),(49,'1','1976-02-12','North Cierraborough','Isle of Man','2007-07-19 20:09:11','2013-11-01 12:47:16',49),(50,'1','1978-07-12','Mafaldahaven','Gabon','1989-05-27 06:31:45','2003-02-19 19:10:12',50),(51,'2','1986-03-27','Sheilabury','Czech Republic','1980-11-10 23:49:32','1992-05-05 06:40:35',51),(52,'1','1973-02-01','Dinatown','Cocos (Keeling) Islands','1975-01-25 22:00:18','1983-01-06 07:20:21',52),(53,'1','1981-05-20','Reynoldshaven','Zimbabwe','1988-07-17 05:50:33','1990-05-09 23:04:22',53),(54,'2','2017-08-10','Runolfsdottirstad','Costa Rica','1983-02-26 15:49:43','2020-06-09 00:34:49',54),(55,'2','2007-10-31','Reynoldsburgh','Angola','2006-03-13 15:00:16','1987-10-30 00:04:35',55),(56,'1','1978-09-01','Luettgenbury','Luxembourg','1970-02-11 09:49:14','2002-03-04 23:23:14',56),(57,'2','1984-10-05','North Daren','Sri Lanka','1982-03-20 12:03:00','1991-07-15 02:33:23',57),(58,'1','2004-06-09','West Kallie','Micronesia','2019-09-13 17:40:23','1998-07-31 09:02:36',58),(59,'2','1992-03-05','North Theodoramouth','Nauru','1972-11-19 17:08:42','1994-09-07 13:34:13',59),(60,'2','2017-03-11','East Melissa','Pitcairn Islands','2019-07-26 03:39:02','1985-10-09 17:59:11',60),(61,'2','1974-04-01','Kautzerberg','Canada','2019-04-12 01:56:34','2002-05-16 10:31:28',61),(62,'2','1999-03-29','New Cleve','Congo','2015-04-05 18:31:29','2011-04-23 03:25:13',62),(63,'1','2001-01-28','Cheyennechester','Panama','1987-08-15 08:48:51','1990-07-31 09:41:37',63),(64,'2','1992-11-29','Lake Arielle','United States Virgin Islands','1974-09-22 00:24:00','2007-11-14 05:14:34',64),(65,'1','1985-04-21','West Josianne','Poland','1972-12-01 00:14:05','2016-12-28 03:54:36',65),(66,'1','1996-10-08','Gerholdland','Bosnia and Herzegovina','1971-07-31 04:04:12','1975-11-05 04:33:25',66),(67,'1','2010-09-08','Ludieton','Puerto Rico','1997-03-01 04:24:48','2000-02-11 14:58:00',67),(68,'1','2014-03-10','Leschshire','French Guiana','1988-04-27 01:00:27','1975-03-06 18:06:36',68),(69,'2','1978-09-02','West Louborough','Philippines','1988-01-06 01:54:08','2020-07-27 02:46:54',69),(70,'1','2010-06-08','Zoeytown','Saint Barthelemy','1970-12-13 20:24:36','1998-12-02 12:23:30',70),(71,'1','1978-10-30','Barretttown','Eritrea','1997-12-03 16:24:28','1972-10-24 00:41:08',71),(72,'2','2002-06-05','West Rodrick','Togo','1975-12-17 19:03:44','2020-09-20 13:31:44',72),(73,'1','1975-06-09','Gutkowskiland','Greece','2003-02-04 00:24:42','2009-10-21 09:15:39',73),(74,'2','1992-07-03','East Chaunceyport','Portugal','2015-01-19 21:48:22','1977-07-10 13:42:32',74),(75,'1','1999-09-16','South Marcelleberg','Cayman Islands','1980-05-19 00:34:22','1989-11-12 17:46:18',75),(76,'2','1982-11-23','Christianamouth','Mayotte','1996-04-10 04:45:01','2010-05-07 05:37:05',76),(77,'1','1978-06-14','South Lamont','Guadeloupe','2016-06-25 03:08:52','1997-01-18 02:30:42',77),(78,'2','1997-04-03','Khalidmouth','Mexico','1991-01-13 19:56:34','1998-01-14 18:08:22',78),(79,'1','2013-12-06','New Daniellaville','Micronesia','2019-08-08 06:07:31','2014-04-25 22:26:27',79),(80,'1','2015-05-17','Gloverborough','Kiribati','1980-10-25 05:58:28','1996-03-10 12:19:31',80),(81,'1','2017-11-29','North Wiltonton','India','2010-05-25 04:41:45','1998-03-08 12:46:56',81),(82,'2','2017-12-11','Lake Lysanne','Congo','1978-04-17 04:49:11','1985-02-12 14:59:04',82),(83,'1','1982-09-30','Evalynland','Pitcairn Islands','1970-12-15 07:45:02','1997-08-10 03:30:39',83),(84,'2','2016-01-06','Lake Hortense','Liechtenstein','1983-11-30 01:32:58','1975-07-19 00:24:44',84),(85,'1','1988-12-15','Morarton','Saint Martin','1973-07-19 09:50:03','1972-03-10 06:51:59',85),(86,'2','2003-03-28','Ayanahaven','Turks and Caicos Islands','2000-02-09 05:37:31','1975-07-20 22:18:31',86),(87,'2','1970-09-29','Kuhnmouth','Kuwait','2011-07-25 10:35:54','1987-11-12 07:07:24',87),(88,'2','2010-06-23','Cyrusshire','Andorra','1970-02-02 13:35:37','2003-07-03 07:35:57',88),(89,'1','1979-03-22','Stanleyville','Bermuda','1971-07-08 11:40:06','1988-09-05 20:16:15',89),(90,'2','1970-02-08','New Daryl','Comoros','1970-01-09 16:37:18','2005-09-20 21:22:55',90),(91,'2','1974-03-25','Sybleside','Austria','1990-12-31 02:36:42','2006-11-04 20:41:18',91),(92,'1','1978-09-30','Kohlermouth','Lithuania','2018-12-13 19:06:08','2004-05-20 06:45:02',92),(93,'1','1972-01-07','Lake Montanafurt','Montenegro','2005-05-10 03:53:50','2007-11-22 05:23:58',93),(94,'2','2017-11-26','Ernserchester','Togo','2011-04-15 12:25:19','1992-12-06 01:30:59',94),(95,'1','2015-09-13','West Ricardoton','Angola','2011-12-26 01:57:40','2017-08-25 01:24:36',95),(96,'1','1977-12-02','Hegmannburgh','Kenya','2004-07-19 12:24:06','2008-08-18 00:52:03',96),(97,'1','1990-05-08','Lake Gerald','Niue','2019-03-24 12:53:25','1984-10-01 06:24:34',97),(98,'2','2018-10-04','West Wallaceburgh','Eritrea','1998-04-01 17:10:36','1972-11-28 19:21:33',98),(99,'1','1994-06-04','East Dorothyberg','Palau','2003-04-13 02:51:46','1985-10-30 18:57:58',99),(100,'2','1990-02-21','Angushaven','Kenya','2002-05-07 10:00:49','2005-06-14 22:20:23',100);
/*!40000 ALTER TABLE `profiles` ENABLE KEYS */;
UNLOCK TABLES;

--
-- Table structure for table `reaction_types`
--

DROP TABLE IF EXISTS `reaction_types`;
/*!40101 SET @saved_cs_client     = @@character_set_client */;
/*!50503 SET character_set_client = utf8mb4 */;
CREATE TABLE `reaction_types` (
  `id` int unsigned NOT NULL AUTO_INCREMENT COMMENT 'Идентификатор строки',
  `name` varchar(255) NOT NULL COMMENT 'Название типа',
  `created_at` datetime DEFAULT CURRENT_TIMESTAMP COMMENT 'Время создания строки',
  `updated_at` datetime DEFAULT CURRENT_TIMESTAMP ON UPDATE CURRENT_TIMESTAMP COMMENT 'Время обновления строки',
  PRIMARY KEY (`id`),
  UNIQUE KEY `name` (`name`)
) ENGINE=InnoDB AUTO_INCREMENT=3 DEFAULT CHARSET=utf8mb4 COLLATE=utf8mb4_0900_ai_ci COMMENT='Типы реакций на контент';
/*!40101 SET character_set_client = @saved_cs_client */;

--
-- Dumping data for table `reaction_types`
--

LOCK TABLES `reaction_types` WRITE;
/*!40000 ALTER TABLE `reaction_types` DISABLE KEYS */;
INSERT INTO `reaction_types` VALUES (1,'like','1971-02-19 08:47:02','2005-10-14 02:04:52'),(2,'dislike','2007-09-24 13:15:30','2012-08-17 20:29:52');
/*!40000 ALTER TABLE `reaction_types` ENABLE KEYS */;
UNLOCK TABLES;

--
-- Table structure for table `users`
--

DROP TABLE IF EXISTS `users`;
/*!40101 SET @saved_cs_client     = @@character_set_client */;
/*!50503 SET character_set_client = utf8mb4 */;
CREATE TABLE `users` (
  `id` int unsigned NOT NULL AUTO_INCREMENT COMMENT 'Идентификатор строки',
  `first_name` varchar(100) NOT NULL COMMENT 'Имя пользователя',
  `last_name` varchar(100) NOT NULL COMMENT 'Фамилия пользователя',
  `email` varchar(100) NOT NULL COMMENT 'Почта',
  `phone` varchar(100) NOT NULL COMMENT 'Телефон',
  `created_at` datetime DEFAULT CURRENT_TIMESTAMP COMMENT 'Время создания строки',
  `updated_at` datetime DEFAULT CURRENT_TIMESTAMP ON UPDATE CURRENT_TIMESTAMP COMMENT 'Время обновления строки',
  PRIMARY KEY (`id`),
  UNIQUE KEY `email` (`email`),
  UNIQUE KEY `phone` (`phone`),
  CONSTRAINT `phone_check` CHECK (regexp_like(`phone`,_utf8mb4'[0-9]{11}'))
) ENGINE=InnoDB AUTO_INCREMENT=101 DEFAULT CHARSET=utf8mb4 COLLATE=utf8mb4_0900_ai_ci COMMENT='Пользователи';
/*!40101 SET character_set_client = @saved_cs_client */;

--
-- Dumping data for table `users`
--

LOCK TABLES `users` WRITE;
/*!40000 ALTER TABLE `users` DISABLE KEYS */;
INSERT INTO `users` VALUES (1,'Tomas','Hills','cordie50@example.net','05326126299','2010-07-13 10:02:19','2001-08-27 06:03:16'),(2,'Josephine','Renner','chesley81@example.com','47479389814','2011-11-21 22:18:03','2013-04-14 17:04:45'),(3,'Abel','Stamm','zgulgowski@example.com','93851803431','2019-12-04 11:28:30','1997-02-02 20:09:28'),(4,'Simone','Little','esenger@example.com','16870800219','2006-10-16 09:11:57','2015-05-21 06:03:38'),(5,'Mikayla','Baumbach','rsauer@example.com','22473445973','2017-06-28 13:04:11','1991-05-02 05:23:23'),(6,'Javier','Dooley','norene01@example.org','86539848824','2017-07-22 15:13:54','1992-11-11 00:46:36'),(7,'Aliza','Muller','hwalker@example.org','65508821805','2001-03-16 23:50:57','2012-04-13 06:52:12'),(8,'Garnett','Leffler','konopelski.maybell@example.org','30856053039','2004-12-16 21:09:37','1998-11-05 08:23:17'),(9,'Rachel','Haag','cprice@example.net','04961937240','2005-02-24 04:07:17','2019-01-06 14:17:41'),(10,'Asha','Bins','hal.metz@example.org','31759847133','1975-11-28 18:34:38','2008-09-26 07:34:47'),(11,'Jay','Spencer','simonis.liana@example.org','68091443373','1997-12-13 16:27:25','1994-07-12 10:09:00'),(12,'Tom','Schmidt','xwill@example.com','31907317889','2013-01-06 04:47:05','1972-01-06 12:45:26'),(13,'Ariane','Hermiston','antoinette94@example.net','00488609312','1970-02-14 15:20:55','1975-03-11 13:30:24'),(14,'Andre','Murray','ehaley@example.org','55503025930','2008-06-11 06:21:20','2016-10-28 07:04:34'),(15,'Bernice','Hettinger','arch.rodriguez@example.com','86351636350','1978-01-10 10:05:12','1982-11-23 17:16:13'),(16,'Landen','Feil','mroberts@example.com','59142473169','1978-04-24 14:23:21','2005-05-26 14:06:43'),(17,'Zaria','Schmitt','padberg.marlen@example.net','77237005698','1975-02-26 21:25:11','1975-04-26 07:16:12'),(18,'Martine','Rippin','sauer.fidel@example.com','97596201397','2010-05-24 23:30:03','1989-01-22 11:00:25'),(19,'Yvette','Simonis','curtis15@example.org','92752197949','1974-12-06 09:54:07','1994-05-23 17:08:04'),(20,'Joanne','Lesch','nienow.mayra@example.org','83277520405','1978-07-04 22:04:05','1975-10-22 04:34:08'),(21,'Greta','Torp','hauck.enos@example.com','26280223249','1997-08-27 18:16:22','2001-01-27 15:46:24'),(22,'Blair','Kunze','clint.doyle@example.com','37828595881','1983-01-24 01:52:40','1975-04-24 22:58:49'),(23,'Columbus','Balistreri','zelda.feil@example.org','16850206930','2000-04-20 12:26:10','1975-04-13 23:51:57'),(24,'Jamison','Mohr','fyundt@example.net','10411516983','1985-10-01 11:12:17','2012-09-06 20:16:25'),(25,'Howard','Schultz','corrine84@example.com','29263326944','2013-07-03 14:56:03','2009-08-12 02:09:14'),(26,'Miller','Toy','stefan.sipes@example.org','88365246225','1987-06-19 18:36:22','1976-02-16 23:00:35'),(27,'Walker','Torp','margarette.kirlin@example.com','04487970140','1972-05-20 08:46:04','2010-10-21 11:58:52'),(28,'Robert','Sporer','sister16@example.org','61661026557','1984-12-02 20:04:06','1980-11-15 09:46:52'),(29,'Orlando','Walter','alexandro26@example.net','20317221319','1972-05-06 17:51:52','2011-12-15 15:33:09'),(30,'Delbert','Haag','fisher.delilah@example.net','54838342805','1993-10-29 23:35:32','1981-06-01 15:17:07'),(31,'Jayme','Kertzmann','giovanna.buckridge@example.net','16552565350','1977-11-28 09:34:55','2010-05-22 16:37:09'),(32,'Octavia','Ebert','dean.lueilwitz@example.com','26962795492','2002-08-17 14:51:13','1986-01-14 14:38:54'),(33,'Antonietta','Schneider','elena01@example.org','49843535346','1996-08-31 08:33:41','1970-08-30 02:54:42'),(34,'Jaylin','Howe','opal.fahey@example.org','22555843803','1996-06-17 06:00:23','1976-01-07 10:34:35'),(35,'Kane','Bradtke','evalyn.larkin@example.com','47795433133','2012-07-02 22:02:27','1987-01-24 02:01:00'),(36,'Orlo','Bashirian','mthiel@example.net','42390104640','2012-02-05 14:12:43','1988-12-22 15:59:48'),(37,'Delia','Bednar','runte.savanah@example.org','97912813966','2007-07-12 18:04:22','2016-09-03 13:41:43'),(38,'Noel','Lueilwitz','dubuque.alysha@example.net','79559466624','2019-04-12 03:28:46','1986-07-27 11:16:10'),(39,'Ezequiel','Block','greenfelder.rylan@example.com','36628980656','1987-06-02 00:53:01','1986-01-19 09:36:18'),(40,'Delores','Kuhlman','connelly.adell@example.org','63916769297','1993-10-02 12:21:00','2017-06-23 22:00:36'),(41,'Ruby','Leuschke','stone.klein@example.com','80689167298','1977-01-10 07:45:29','1980-11-01 16:46:04'),(42,'Amanda','Davis','jaida.wyman@example.org','78000252308','1978-07-01 03:59:34','2006-09-20 01:06:51'),(43,'Willa','Swaniawski','hhansen@example.org','81206743998','2009-01-08 13:00:12','2020-11-19 20:04:48'),(44,'Efrain','Stamm','ralph71@example.com','20098695027','2004-04-08 02:14:17','1989-03-08 11:33:46'),(45,'Leila','Ledner','kreiger.brad@example.net','40408130515','2007-09-09 15:29:46','2005-05-17 13:15:50'),(46,'Alex','Kovacek','vivianne80@example.com','64703976666','1996-07-07 17:33:47','2000-08-17 08:17:52'),(47,'Vernice','Becker','carroll.merlin@example.net','68475244473','1976-09-28 07:56:06','2001-05-06 22:52:49'),(48,'Katherine','Cassin','reva.jakubowski@example.org','12948758566','2003-04-15 21:29:21','2013-05-28 01:25:29'),(49,'Jerod','Kiehn','emanuel.flatley@example.com','05292445934','1993-05-30 09:21:03','2006-11-15 13:47:22'),(50,'Imogene','Auer','emuller@example.net','52435279526','1986-05-06 21:22:25','1972-04-05 16:49:27'),(51,'Raven','Walter','madilyn51@example.com','06901484472','1982-07-24 12:34:27','1983-03-22 20:48:49'),(52,'Joyce','O\'Hara','carrie.king@example.org','02562176743','2010-12-10 02:40:35','2009-05-10 05:55:51'),(53,'Mikel','McCullough','mckenzie.elenor@example.com','46538568575','2007-06-12 20:28:33','2019-10-07 13:05:21'),(54,'Maya','Gulgowski','sreichert@example.com','03297028026','1990-07-02 20:19:36','1995-05-08 00:21:40'),(55,'Marion','Harber','green72@example.org','72651866846','2009-08-14 08:59:01','1992-11-24 19:28:26'),(56,'Turner','Feil','geovanni52@example.com','26668219129','1992-06-25 15:50:46','2010-03-31 19:54:41'),(57,'Felicia','Wolff','estefania.kub@example.net','87835292993','2015-08-10 14:58:05','2016-11-29 06:55:25'),(58,'Vito','Senger','mckenna.walter@example.com','10391491655','1993-07-18 09:05:26','1973-12-16 11:49:11'),(59,'Emmalee','Streich','iwest@example.com','19225493704','2007-08-18 02:20:15','1981-04-17 21:14:03'),(60,'Horacio','Satterfield','larkin.verna@example.net','60636417777','2002-06-04 13:03:09','2014-02-10 20:53:24'),(61,'Douglas','Senger','fparisian@example.org','75420454155','1992-12-21 01:00:32','1987-04-24 07:47:02'),(62,'Lorenzo','Harris','connelly.chase@example.com','47041231048','1998-04-19 10:22:09','1987-04-09 10:15:16'),(63,'Gerson','Kshlerin','sadie.hoppe@example.org','06755195751','2004-11-24 20:37:49','2018-06-16 17:35:22'),(64,'Zoie','Kihn','gerhold.adonis@example.com','41355239794','1972-03-25 19:28:50','2010-03-17 05:17:58'),(65,'Missouri','Rippin','xbreitenberg@example.com','82234004440','1991-07-14 15:43:31','1971-12-17 09:13:24'),(66,'Bell','Metz','loy.abernathy@example.org','19488075343','1987-08-27 12:28:20','1979-10-28 01:59:39'),(67,'Ima','O\'Keefe','wolff.burley@example.org','92324223822','2020-03-27 07:19:39','1976-11-21 21:16:15'),(68,'Krystal','Reinger','torp.patience@example.org','47541572962','2013-02-16 05:03:22','1991-04-04 04:06:49'),(69,'Ted','Franecki','smonahan@example.net','40239461534','2003-11-11 07:50:49','1981-02-24 21:57:12'),(70,'Luther','Smitham','lew.senger@example.com','07425147707','2019-10-26 13:59:30','1994-01-26 15:36:36'),(71,'Taya','Homenick','lockman.carmen@example.org','96844994792','2005-11-08 02:46:00','2003-02-22 01:08:22'),(72,'Nicholas','Morar','therese99@example.org','62194696502','2003-01-16 00:19:19','2003-04-18 05:14:26'),(73,'Nicholaus','Armstrong','effertz.nyah@example.com','60865258494','2000-01-20 02:07:18','1978-11-07 18:52:47'),(74,'Rene','Moore','jaleel20@example.org','03553527204','1980-09-01 07:54:22','1970-07-22 02:41:22'),(75,'Larry','Weimann','balistreri.iva@example.net','96394123116','1986-10-07 07:36:52','1976-10-08 09:20:07'),(76,'Olga','Purdy','deven.gaylord@example.com','66317381806','1975-04-12 01:12:47','2016-05-13 14:10:10'),(77,'Lisa','Greenfelder','ryleigh46@example.net','07228219111','1974-07-07 03:30:52','1983-11-21 20:56:44'),(78,'Josefina','Carter','zion.goyette@example.com','57609108191','2010-02-28 00:09:56','1996-07-18 10:15:26'),(79,'Ned','Sporer','mateo.monahan@example.net','56181533038','1971-07-11 22:26:41','1978-12-28 22:59:39'),(80,'Kaleb','Schowalter','allison.barrows@example.net','57229520029','1997-10-19 16:16:29','1977-04-09 09:46:09'),(81,'Trycia','Graham','wolff.dorothy@example.com','22857953312','1995-11-18 00:34:56','1981-04-13 22:07:11'),(82,'Adan','Lowe','bvandervort@example.com','80967172657','1979-03-19 00:46:30','2020-09-01 16:12:52'),(83,'Lexie','Dickinson','iconnelly@example.net','73104808987','1979-07-01 12:01:22','1997-01-31 23:40:14'),(84,'Jacklyn','Lynch','maryse.kozey@example.net','47881252929','1995-06-30 20:39:29','2011-02-09 19:27:19'),(85,'Tess','Towne','xcummerata@example.net','99311492327','2017-12-10 02:49:31','2016-09-10 07:48:09'),(86,'Carolina','Will','mossie.raynor@example.com','15129899008','2008-03-24 17:48:39','1994-09-26 04:59:06'),(87,'Rhett','Lind','joyce11@example.org','35423190757','2002-11-22 14:34:27','1990-09-06 00:57:52'),(88,'Willis','Bogan','hyatt.elouise@example.org','40957563801','2007-12-29 18:37:15','1995-02-25 00:51:16'),(89,'Nicholaus','Jast','carrie80@example.org','57794667634','1981-01-28 11:10:34','1982-08-24 13:58:42'),(90,'Timothy','Toy','karianne.cartwright@example.com','69497815703','2006-12-09 06:42:26','1984-04-29 14:20:20'),(91,'Walker','Bernier','vconn@example.net','36039241785','1993-03-02 12:57:21','1997-08-10 23:23:26'),(92,'Rowena','Leannon','percival41@example.org','31700296847','2013-05-19 11:50:51','2011-04-16 06:51:36'),(93,'Diamond','Schuster','qmills@example.com','01354560997','1983-01-23 22:03:25','2020-09-26 20:36:15'),(94,'Mabelle','Thiel','howell.enos@example.com','17631289703','2008-03-29 20:46:21','1982-03-03 17:56:57'),(95,'Kiara','Carroll','waldo.marks@example.org','91399035250','2001-03-27 09:21:32','2020-09-30 01:42:09'),(96,'Christian','Becker','gregoria69@example.org','28136202588','1971-10-16 11:51:22','1976-02-17 16:14:15'),(97,'Audie','Konopelski','coleman99@example.net','68823089139','2005-09-30 14:24:38','1999-10-21 12:36:16'),(98,'Otilia','Powlowski','elva93@example.net','42425370958','2017-01-07 14:10:27','1990-04-14 13:37:27'),(99,'Jasen','Goldner','treva98@example.com','81436658029','2016-01-19 17:28:38','1975-03-06 10:00:17'),(100,'Genevieve','Jacobs','cristobal64@example.net','10088404898','1985-07-11 13:20:27','2020-07-05 22:16:20');
/*!40000 ALTER TABLE `users` ENABLE KEYS */;
UNLOCK TABLES;
/*!40103 SET TIME_ZONE=@OLD_TIME_ZONE */;

/*!40101 SET SQL_MODE=@OLD_SQL_MODE */;
/*!40014 SET FOREIGN_KEY_CHECKS=@OLD_FOREIGN_KEY_CHECKS */;
/*!40014 SET UNIQUE_CHECKS=@OLD_UNIQUE_CHECKS */;
/*!40101 SET CHARACTER_SET_CLIENT=@OLD_CHARACTER_SET_CLIENT */;
/*!40101 SET CHARACTER_SET_RESULTS=@OLD_CHARACTER_SET_RESULTS */;
/*!40101 SET COLLATION_CONNECTION=@OLD_COLLATION_CONNECTION */;
/*!40111 SET SQL_NOTES=@OLD_SQL_NOTES */;

-- Dump completed on 2021-04-09  2:33:00
